,frames_sampled,video_fps,video_duration_seconds,edge_texture_feature_001,edge_texture_feature_002,edge_texture_feature_003,edge_texture_feature_004,edge_texture_feature_005,edge_texture_feature_006,edge_texture_feature_007,edge_texture_feature_008,edge_texture_feature_009,edge_texture_feature_010,edge_texture_feature_011,edge_texture_feature_012,edge_texture_feature_013,edge_texture_feature_014,edge_texture_feature_015,edge_texture_feature_016,edge_texture_feature_017,edge_texture_feature_018,edge_texture_feature_019,edge_texture_feature_020,edge_texture_feature_021,edge_texture_feature_022,edge_texture_feature_023,edge_texture_feature_024,edge_texture_feature_025,edge_texture_feature_026,edge_texture_feature_027,edge_texture_feature_028,edge_texture_feature_029,edge_texture_feature_030,edge_texture_feature_031,edge_texture_feature_032,edge_texture_feature_033,edge_texture_feature_034,edge_texture_feature_035,edge_texture_feature_036,edge_texture_feature_037
frames_sampled,1.0,0.188710701888844,0.9997375097242241,0.02416681675267867,-0.13909017335711188,0.08832685717392545,-0.02933176974808224,-0.20347547088041126,-0.011495805406392251,-0.16936150182145585,0.1569473907620771,0.048260491339925535,0.1391737727647862,-0.07555536004652015,-0.09929245362474944,-0.10706454581207021,-0.12694326339235942,0.006136837732093504,0.260743626265556,0.19579928881322373,-0.21416664514443623,-0.048358843399826566,0.06829356652052287,0.0868768493138445,-0.09843469724972369,-0.07529543821050451,-0.26665058337873393,0.04563641903210801,0.17882700520425937,0.05219769353907351,0.16127805422646457,0.17767599561511546,0.05207115689837756,-0.11766945312047455,0.02595873532129482,-0.07568512080935891,0.0015985349246316323,-0.11659302453812548,0.13741933734796005,-0.2071857185256639
video_fps,0.188710701888844,1.0,0.18610445569828052,0.14896759787961555,-0.05232373348355721,0.14056985331106492,-0.07069777353733102,-0.06037754669445468,-0.08419545196968123,0.036939601295807326,0.11741754659540529,-0.0472919008737762,0.19477343986061016,-0.13354861895870868,-0.1131812737577319,-0.07651708888406061,-0.01823653585908461,-0.0055528904964287475,0.21115405116997313,0.06606911019441464,-0.03940509063023843,0.07523467182469917,0.0908215097149173,0.0779152044019429,0.030763319784021834,-0.029911328887329648,-0.05873654020808924,0.05950907283504661,0.15804099172598687,-0.08266188499244728,0.06386555889965033,0.023357264591704684,-0.11000952683125981,-0.14533615347737863,-0.10363696097597448,-0.0855174594187462,-0.04506701655078504,-0.042130665580415325,0.035501941781837076,-0.22204755929582493
video_duration_seconds,0.9997375097242241,0.18610445569828052,1.0,0.0230770137218298,-0.13489153628826564,0.08859827672538553,-0.02880781556488333,-0.1974461738747539,-0.01159183717511323,-0.16488180760959317,0.15598911859166917,0.047587613516704076,0.13697968461986768,-0.07462086578577751,-0.09664216677480175,-0.105266350674228,-0.12467437348041255,0.004558269990840998,0.256863600157421,0.1928286592804428,-0.20990088766339973,-0.04786250372919121,0.06738538006527645,0.08771852483285443,-0.0977471092901902,-0.07103322040598913,-0.25864579569064916,0.045499583953965105,0.1757898470883697,0.05143335828373931,0.1568560396497122,0.1731910508153509,0.05358773182806434,-0.11610277088831068,0.024833221866215963,-0.0757345284324302,0.0022001495621128456,-0.11395740542654953,0.1351928000004297,-0.20203263643020025
edge_texture_feature_001,0.02416681675267867,0.14896759787961555,0.0230770137218298,1.0,-0.06199110316897324,0.0009769678247973377,0.130427470398623,0.03778067199752554,-0.15633921461149416,0.08160583299476701,0.09077614163978344,0.021194403342815,0.14120422962409196,-0.24095786639132696,0.048778757737883816,-0.08688185693630857,-0.09888533166310841,-0.06644135037898824,-0.0024067341959506426,0.10036559535188115,-0.0694365220133274,-0.06372898460492958,0.23038868586599198,0.12649407878346963,0.04632096205996011,-0.026564559813685475,0.0319188475444282,0.07106056116615576,0.039760854858693004,-0.05659951767342097,0.008360524795047099,-0.07811957294402741,-0.2200255712958231,0.0013803887117688988,-0.02924044617768896,-0.007348922792640214,0.009270145903393857,-0.1483791909233419,-0.09749193205782668,-0.20673376527895984
edge_texture_feature_002,-0.13909017335711188,-0.05232373348355721,-0.13489153628826564,-0.06199110316897324,1.0,0.2288933154206716,0.006517540693504195,0.28506873354374623,0.17061162973904506,0.1801443445323453,-0.08230251505079392,-0.16768056456197974,-0.014730696114363288,0.058548533452645025,0.058763161409847935,-0.008965772352735506,-0.006167553850231048,-0.0294914720168457,-0.11670177887620747,0.26121372491777894,0.023123284970677418,-0.24648318230850194,-0.09888313353585365,-0.12232234514075109,0.16722713702715725,0.0830133518528272,0.36373875968950875,-0.1693408025066988,-0.19614830990759338,0.07551622102887788,-0.16658319580402445,-0.10547585117082203,-0.06731194477591086,0.1711455003354285,-0.07190465743048857,0.1871992136708411,-0.10980601513330925,0.31906573274571204,0.11215033648342759,0.11512544792742953
edge_texture_feature_003,0.08832685717392545,0.14056985331106492,0.08859827672538553,0.0009769678247973377,0.2288933154206716,1.0,-0.1563476145844525,-0.02061158932170959,-0.10701293669262955,0.15005362653836704,0.12416194971425401,-0.13854272788398103,0.3312354202595224,0.05146857336135347,-0.08954243279450418,-0.11372511351078064,-0.09286746632620001,-0.12028852532615371,0.39402995510628763,-0.008006843009682236,0.06235744634506304,-0.003693687322806455,0.1519900023774989,0.026663322202112608,-0.043840155097003626,-0.10734050237774237,0.001128772853951379,0.0026255915862317927,0.19304554734751345,-0.021615459044579212,0.059540222748837,0.03450984983321436,-0.1063881187283984,-0.06443730622126732,-0.08924155042073856,-0.08613409150542722,-0.19631374468286214,-0.012552862343810043,0.10871734311767103,-0.03897571555616159
edge_texture_feature_004,-0.02933176974808224,-0.07069777353733102,-0.02880781556488333,0.130427470398623,0.006517540693504195,-0.1563476145844525,1.0,0.1313393057616411,-0.05248899011132917,-0.04750553695560836,0.002642845104083071,-0.026447719352207997,-0.04499489404948988,-0.03680406961265465,0.1636628954813475,-0.011181406782502134,0.10921055581092984,0.07202894572493906,-0.16629384790394,0.13578419379426435,0.12061066930135003,-0.027154470664771422,-0.020793956057230202,0.00686937240423041,-0.030787635643896822,0.09630740172419558,0.06421676246042088,0.016277476000539845,-0.14902162487874157,0.060243764600284,-0.11740738137725257,0.09737937227145148,0.10200048768888992,0.1464336271114963,0.24516821608039716,0.08518602432365802,0.025095296135646157,0.013438309533351225,-0.029798289656578623,0.05997469780154413
edge_texture_feature_005,-0.20347547088041126,-0.06037754669445468,-0.1974461738747539,0.03778067199752554,0.28506873354374623,-0.02061158932170959,0.1313393057616411,1.0,0.06106933214248712,0.25366594860344543,-0.011373156215231266,-0.222086397558095,-0.04986880207263261,0.13200540577140463,0.10594443324349485,-0.039346042810210764,0.14983554072171826,0.029980315750172716,-0.24098654453933518,-0.04960389896243464,0.18203436305801113,-0.01009128972660684,0.10601587688982654,0.031793228747357946,0.05806739529620037,0.2820595851066515,0.5280034709375608,-0.005914067891822793,-0.1271451151119735,-0.002287566793307233,-0.1793367578793272,-0.201633582491637,0.062075475149985244,0.2309596555232653,-0.08397680278943861,0.2566402562594083,-0.07887923478869074,0.20619242869925042,0.010129561369508407,0.22646056429191902
edge_texture_feature_006,-0.011495805406392251,-0.08419545196968123,-0.01159183717511323,-0.15633921461149416,0.17061162973904506,-0.10701293669262955,-0.05248899011132917,0.06106933214248712,1.0,-0.055644107798789165,-0.10595583220770524,0.12163365061311618,-0.20245157948280734,0.08206446694896422,0.1156191300534594,-0.07931805575151044,-0.029895127175979017,0.17863601282596106,-0.16557976827772314,-0.023501562584093836,-0.0982871153539605,-0.10828769022189488,-0.0624301580489619,-0.14070824451480776,0.18843135539788963,0.20402430498552737,0.014626909270404533,-0.045436797827855535,-0.17852878319416016,0.02656002206059211,0.12217601068041539,0.11403136272918345,0.0734159723403914,0.033600723941212336,0.025720244323676488,0.14263042054534467,-0.015129732385093665,0.0180040062574549,0.023366407456637338,0.2351035566683395
edge_texture_feature_007,-0.16936150182145585,0.036939601295807326,-0.16488180760959317,0.08160583299476701,0.1801443445323453,0.15005362653836704,-0.04750553695560836,0.25366594860344543,-0.055644107798789165,1.0,-0.020689581655141984,-0.09928963453277498,0.08207147988308616,0.0510871839287575,0.050756601857089724,-0.03841154924894307,0.034619024116408575,-0.08666145249879553,0.016743727306423248,-0.03238099062082837,0.1850256524568142,0.2043258908200495,-0.0801879508984702,-0.03139799109973895,-0.027481742153031317,0.22789975542169977,0.3415516190588387,0.2654116419544896,0.09699855060308506,0.00014991770071214226,-0.10307001217030683,-0.10283748211900226,-0.14846829849951024,0.048797220771526345,-0.12773072818888714,-0.02458085511626487,-0.06644672139627478,0.0621788119384877,0.16042857353933968,-0.1017894273095874
edge_texture_feature_008,0.1569473907620771,0.11741754659540529,0.15598911859166917,0.09077614163978344,-0.08230251505079392,0.12416194971425401,0.002642845104083071,-0.011373156215231266,-0.10595583220770524,-0.020689581655141984,1.0,-0.09655844151775853,0.02149292709431243,-0.17488403157216798,-0.05005642528296638,-0.10843049694029243,-0.11249401497209843,-0.041924039821558824,0.0643057076132594,0.028306255574733097,-0.03170006660806991,-0.06807754602363714,0.011584598284876752,-0.04705852909584823,-0.0697229433375955,-0.1902283672465531,-0.1018120784091999,-0.02183032949394976,-0.024094942359531395,-0.0462908956561295,0.0395526932161638,-0.026124852695478835,0.032833051990447885,-0.17819923386082792,-0.10726531281429141,-0.010803832478178087,-0.16130554375127779,-0.11257125509388048,0.05897717539654081,-0.17800533933447601
edge_texture_feature_009,0.048260491339925535,-0.0472919008737762,0.047587613516704076,0.021194403342815,-0.16768056456197974,-0.13854272788398103,-0.026447719352207997,-0.222086397558095,0.12163365061311618,-0.09928963453277498,-0.09655844151775853,1.0,-0.13019497744861552,-0.00553331517598991,0.07608725475152925,0.13123793014808394,-0.0008048308870341819,-0.06164542175317858,-0.04133634080677219,-0.10703930569212598,-0.18936708816829392,-0.07294747052531018,-0.06595677743792082,0.03133570576254457,-0.14373204631345057,-0.04180117032575079,-0.23133651004595315,0.12992086983957998,0.06474993496989423,-0.10247299466093232,-0.0069131032474751275,0.13493463068849765,0.0026145196657129575,0.0068224450846447226,0.12844194152442157,0.03459412901340085,0.07413372314409249,-0.09915973206671763,-0.07301213590965448,0.04997225592985762
edge_texture_feature_010,0.1391737727647862,0.19477343986061016,0.13697968461986768,0.14120422962409196,-0.014730696114363288,0.3312354202595224,-0.04499489404948988,-0.04986880207263261,-0.20245157948280734,0.08207147988308616,0.02149292709431243,-0.13019497744861552,1.0,-0.08422111409521132,-0.01589668242917729,-0.14542279409383962,-0.025200968423228755,-0.05070759060792947,0.488095438168011,0.18007291519236274,-0.013890989888730708,0.07520427405773769,0.24775615164012926,0.10412299164958792,-0.042755633437327425,-0.13009084465170362,-0.010086512310894857,0.0749261864246946,0.49945721936862875,0.0844198126291203,0.08004028812130547,0.175765272431005,-0.087532859869124,-0.2704824456556419,-0.009648313404759785,-0.17966891820343844,-0.08355655524094296,0.02092097467151318,0.13006704187523543,-0.22557818884330313
edge_texture_feature_011,-0.07555536004652015,-0.13354861895870868,-0.07462086578577751,-0.24095786639132696,0.058548533452645025,0.05146857336135347,-0.03680406961265465,0.13200540577140463,0.08206446694896422,0.0510871839287575,-0.17488403157216798,-0.00553331517598991,-0.08422111409521132,1.0,0.1887654861781099,0.024388325654794145,0.03221663317179152,0.12100863355453005,-0.015761077467687262,-0.03472140707222686,0.23054485516007087,0.12332407929504904,0.006214520491223129,0.07825078695278186,-0.1513405935811659,0.07782568926921883,0.11215290768561405,-0.0026962519845568325,0.01589904030753635,0.101933970618507,-0.08309550605809307,0.06043357906401366,0.023509387185907664,0.30923342623958044,0.1191977745826024,-0.08996005391340295,-0.08657550697017495,0.20542148732928886,0.25783289841392526,0.29519304082888753
edge_texture_feature_012,-0.09929245362474944,-0.1131812737577319,-0.09664216677480175,0.048778757737883816,0.058763161409847935,-0.08954243279450418,0.1636628954813475,0.10594443324349485,0.1156191300534594,0.050756601857089724,-0.05005642528296638,0.07608725475152925,-0.01589668242917729,0.1887654861781099,1.0,0.12107599659313285,-0.014827779833971762,0.07362002561851719,-0.0785886452625618,0.020369720128601426,0.07648514727839072,0.02530808532344069,-0.002086713982319555,-0.05361159795947778,-0.05774685063307268,0.0028153087182678344,0.043150484679858894,0.18058590128951296,-0.006320536488473847,0.02685550649915239,-0.04536112579632678,-0.03535352208312302,0.03079920645444201,0.09464631405254223,0.07157400862800209,0.10850370901552824,0.09331192148111925,0.1709558639286792,0.11353930263519993,0.09064874209318538
edge_texture_feature_013,-0.10706454581207021,-0.07651708888406061,-0.105266350674228,-0.08688185693630857,-0.008965772352735506,-0.11372511351078064,-0.011181406782502134,-0.039346042810210764,-0.07931805575151044,-0.03841154924894307,-0.10843049694029243,0.13123793014808394,-0.14542279409383962,0.024388325654794145,0.12107599659313285,1.0,0.02505307887446967,0.11239355627356368,-0.14228608316060531,0.08391364155540412,0.07569157797734538,-0.09482019938143986,0.001614818827377329,0.03336948148274696,0.0005032897466907959,0.0147337403277844,-0.08769959044451697,0.028626978309030476,-0.08819346111792718,0.12137085254089489,-0.12902713504279117,-0.12218131423861134,0.20948733836956343,0.2609458507960208,0.123856216782679,-0.09291520550033067,0.16578793348644874,0.3145077671505428,-0.0460658302895471,0.21208800430189287
edge_texture_feature_014,-0.12694326339235942,-0.01823653585908461,-0.12467437348041255,-0.09888533166310841,-0.006167553850231048,-0.09286746632620001,0.10921055581092984,0.14983554072171826,-0.029895127175979017,0.034619024116408575,-0.11249401497209843,-0.0008048308870341819,-0.025200968423228755,0.03221663317179152,-0.014827779833971762,0.02505307887446967,1.0,0.03185409396309882,-0.08743493058366593,-0.11667105722327992,0.0010871469814723686,0.06798579714825241,0.005688551868013247,0.290995341717694,0.1266230340168638,0.15558915288586517,0.06289306143976864,0.04376293550420446,0.07326483757198139,-0.03805013406452223,-0.015784044178508826,0.12935004822382382,0.00389263710150286,0.011403998031237794,0.06918811802537711,0.0820467359651987,-0.005933666379596271,-0.029364715887530347,-0.19441105967653205,0.04197142706810698
edge_texture_feature_015,0.006136837732093504,-0.0055528904964287475,0.004558269990840998,-0.06644135037898824,-0.0294914720168457,-0.12028852532615371,0.07202894572493906,0.029980315750172716,0.17863601282596106,-0.08666145249879553,-0.041924039821558824,-0.06164542175317858,-0.05070759060792947,0.12100863355453005,0.07362002561851719,0.11239355627356368,0.03185409396309882,1.0,-0.03522661505009108,0.08666219329848511,0.13141362796085138,0.20963610640514788,0.07874624071860115,-0.010799404479815037,-0.018408676404908276,0.045673234539684,0.02530820186322277,0.09822134658016975,-0.1165794169019558,0.3622466853693798,0.013816080053244141,0.18958111086343626,0.1433032170695156,0.12984201221700273,0.20632222981600376,-0.02490426568544639,-0.069042600665919,0.11353261171612698,0.09912485628072874,0.036464037238482315
edge_texture_feature_016,0.260743626265556,0.21115405116997313,0.256863600157421,-0.0024067341959506426,-0.11670177887620747,0.39402995510628763,-0.16629384790394,-0.24098654453933518,-0.16557976827772314,0.016743727306423248,0.0643057076132594,-0.04133634080677219,0.488095438168011,-0.015761077467687262,-0.0785886452625618,-0.14228608316060531,-0.08743493058366593,-0.03522661505009108,1.0,-0.0285477177226868,0.001262095354483285,0.24049937451202125,0.17583729798099587,0.062299285768718037,-0.2180852695511416,-0.09073397164874569,-0.23995599641338058,0.042749629946621424,0.6149047388755053,-0.08137115382590171,0.32540426829393476,0.24489240718753155,-0.11938194085934996,-0.31706869396808324,-0.09467431506724586,-0.2845652082220463,-0.07909216528632866,-0.10422971056988026,0.08242907078520088,-0.30504476768369676
edge_texture_feature_017,0.19579928881322373,0.06606911019441464,0.1928286592804428,0.10036559535188115,0.26121372491777894,-0.008006843009682236,0.13578419379426435,-0.04960389896243464,-0.023501562584093836,-0.03238099062082837,0.028306255574733097,-0.10703930569212598,0.18007291519236274,-0.03472140707222686,0.020369720128601426,0.08391364155540412,-0.11667105722327992,0.08666219329848511,-0.0285477177226868,1.0,-0.0033069958101995165,-0.07812971687148813,0.023991185057432318,0.05968287748594465,-0.003265153598323402,-0.08381016422387741,-0.008838910255418343,0.05636386974101279,-0.009979544425046857,0.30755735479403545,-0.046760593191759875,0.10343950919188782,-0.04739181856499817,0.04174021001095652,0.12056944616279178,0.046269802168448115,-0.036779888933519224,0.1978633715541632,0.3039912615854436,-0.17241795208955432
edge_texture_feature_018,-0.21416664514443623,-0.03940509063023843,-0.20990088766339973,-0.0694365220133274,0.023123284970677418,0.06235744634506304,0.12061066930135003,0.18203436305801113,-0.0982871153539605,0.1850256524568142,-0.03170006660806991,-0.18936708816829392,-0.013890989888730708,0.23054485516007087,0.07648514727839072,0.07569157797734538,0.0010871469814723686,0.13141362796085138,0.001262095354483285,-0.0033069958101995165,1.0,0.2628863306447793,0.08950076445196205,-0.03105756054909249,-0.022536269239244774,0.050032612651971356,0.24413827226045356,0.14432612934395045,-0.033797527320871046,0.25111114771501264,-0.09140275623427062,-0.04521488278084054,0.015252761995806378,0.069719164914228,-0.026762747864384297,-0.13816655518269924,-0.08082868915012424,0.10801277309000056,0.03275981270605438,0.20874714326357782
edge_texture_feature_019,-0.048358843399826566,0.07523467182469917,-0.04786250372919121,-0.06372898460492958,-0.24648318230850194,-0.003693687322806455,-0.027154470664771422,-0.01009128972660684,-0.10828769022189488,0.2043258908200495,-0.06807754602363714,-0.07294747052531018,0.07520427405773769,0.12332407929504904,0.02530808532344069,-0.09482019938143986,0.06798579714825241,0.20963610640514788,0.24049937451202125,-0.07812971687148813,0.2628863306447793,1.0,-0.019243735592121492,0.18065375725021157,-0.09004056783391591,0.03403072613595013,0.011919373376990275,0.26146081050431735,0.21429091063052227,0.1853303948492208,0.019425103532896483,0.029845323004651945,0.01582664221721454,-0.08578633766957879,0.04389388111894625,-0.1399225182613111,-0.0800448334234962,-0.07209355812757719,0.11092663226746612,-0.06861689644061557
edge_texture_feature_020,0.06829356652052287,0.0908215097149173,0.06738538006527645,0.23038868586599198,-0.09888313353585365,0.1519900023774989,-0.020793956057230202,0.10601587688982654,-0.0624301580489619,-0.0801879508984702,0.011584598284876752,-0.06595677743792082,0.24775615164012926,0.006214520491223129,-0.002086713982319555,0.001614818827377329,0.005688551868013247,0.07874624071860115,0.17583729798099587,0.023991185057432318,0.08950076445196205,-0.019243735592121492,1.0,0.08115684946416875,-0.05740454419239918,0.11946578903954605,0.017743773486505354,0.17269979821756035,0.08848135108293556,0.03496290481470586,0.01138446460176862,-0.040628180806423365,0.0041238592786223376,0.09221108036960679,-0.0036212455361537394,-0.2071539364634227,0.028927582419887216,0.03730832977482671,-0.15335510458579713,-0.06738204734759136
edge_texture_feature_021,0.0868768493138445,0.0779152044019429,0.08771852483285443,0.12649407878346963,-0.12232234514075109,0.026663322202112608,0.00686937240423041,0.031793228747357946,-0.14070824451480776,-0.03139799109973895,-0.04705852909584823,0.03133570576254457,0.10412299164958792,0.07825078695278186,-0.05361159795947778,0.03336948148274696,0.290995341717694,-0.010799404479815037,0.062299285768718037,0.05968287748594465,-0.03105756054909249,0.18065375725021157,0.08115684946416875,1.0,-0.11580967565229365,0.11511148581378695,-0.02388170099038807,0.12310528180843977,0.21233967250178187,0.0754240171541878,-0.21129795270163074,0.12223227729001258,0.11476211991869083,0.023413759854899404,0.009234652633009693,-0.12686090690347854,0.03763310361738671,-0.028171779932734193,-0.07927977843623957,0.0012167581759336863
edge_texture_feature_022,-0.09843469724972369,0.030763319784021834,-0.0977471092901902,0.04632096205996011,0.16722713702715725,-0.043840155097003626,-0.030787635643896822,0.05806739529620037,0.18843135539788963,-0.027481742153031317,-0.0697229433375955,-0.14373204631345057,-0.042755633437327425,-0.1513405935811659,-0.05774685063307268,0.0005032897466907959,0.1266230340168638,-0.018408676404908276,-0.2180852695511416,-0.003265153598323402,-0.022536269239244774,-0.09004056783391591,-0.05740454419239918,-0.11580967565229365,1.0,-0.08389804211407392,0.09264413097867807,-0.14743079850577942,-0.12631096383477447,-0.04982079904071559,0.16642198660784116,-0.12471515629022063,-0.009239564474319992,-0.0956091646490658,-0.1182603647602565,0.0058829207977371244,-0.09842061561948647,0.005822998291709007,-0.09314585079268263,0.11906653770016697
edge_texture_feature_023,-0.07529543821050451,-0.029911328887329648,-0.07103322040598913,-0.026564559813685475,0.0830133518528272,-0.10734050237774237,0.09630740172419558,0.2820595851066515,0.20402430498552737,0.22789975542169977,-0.1902283672465531,-0.04180117032575079,-0.13009084465170362,0.07782568926921883,0.0028153087182678344,0.0147337403277844,0.15558915288586517,0.045673234539684,-0.09073397164874569,-0.08381016422387741,0.050032612651971356,0.03403072613595013,0.11946578903954605,0.11511148581378695,-0.08389804211407392,1.0,0.39428830815369204,-0.027464524925290806,-0.09468261144103897,-0.015400351998199028,-0.1670813970082952,-0.0741350824616553,0.06464701342707337,0.12778861481631545,-0.08584606393153629,-0.05355241486131059,0.06686077206187085,0.19880478428842946,-0.03366304381245444,0.12903040324845733
edge_texture_feature_024,-0.26665058337873393,-0.05873654020808924,-0.25864579569064916,0.0319188475444282,0.36373875968950875,0.001128772853951379,0.06421676246042088,0.5280034709375608,0.014626909270404533,0.3415516190588387,-0.1018120784091999,-0.23133651004595315,-0.010086512310894857,0.11215290768561405,0.043150484679858894,-0.08769959044451697,0.06289306143976864,0.02530820186322277,-0.23995599641338058,-0.008838910255418343,0.24413827226045356,0.011919373376990275,0.017743773486505354,-0.02388170099038807,0.09264413097867807,0.39428830815369204,1.0,-0.08266512064729976,-0.21615784099492438,-0.0004193339922401192,-0.2880283511108394,-0.2491149067169653,0.1024864309743591,0.09853201952734508,-0.04310778829261423,0.17691846939283523,0.0569806355304679,0.28290275728493863,0.06627447587636037,0.27652466130916403
edge_texture_feature_025,0.04563641903210801,0.05950907283504661,0.045499583953965105,0.07106056116615576,-0.1693408025066988,0.0026255915862317927,0.016277476000539845,-0.005914067891822793,-0.045436797827855535,0.2654116419544896,-0.02183032949394976,0.12992086983957998,0.0749261864246946,-0.0026962519845568325,0.18058590128951296,0.028626978309030476,0.04376293550420446,0.09822134658016975,0.042749629946621424,0.05636386974101279,0.14432612934395045,0.26146081050431735,0.17269979821756035,0.12310528180843977,-0.14743079850577942,-0.027464524925290806,-0.08266512064729976,1.0,0.07716133188180764,0.1651887775675661,-0.0007525206315184387,-0.01991872369171779,-0.03353219302788744,-0.0002569494756174787,0.049017589560079254,-0.1484361297759985,0.0030536193759332524,-0.10347549119652132,0.007003391691897607,-0.10237082553402894
edge_texture_feature_026,0.17882700520425937,0.15804099172598687,0.1757898470883697,0.039760854858693004,-0.19614830990759338,0.19304554734751345,-0.14902162487874157,-0.1271451151119735,-0.17852878319416016,0.09699855060308506,-0.024094942359531395,0.06474993496989423,0.49945721936862875,0.01589904030753635,-0.006320536488473847,-0.08819346111792718,0.07326483757198139,-0.1165794169019558,0.6149047388755053,-0.009979544425046857,-0.033797527320871046,0.21429091063052227,0.08848135108293556,0.21233967250178187,-0.12631096383477447,-0.09468261144103897,-0.21615784099492438,0.07716133188180764,1.0,-0.0625286195242756,0.16606687773023998,0.2481600448660524,-0.1287502237058151,-0.24377964064246443,0.013467521406366104,-0.04792866956088713,-0.11581244461182777,-0.15144307389616873,0.0767351887754908,-0.2495303129568301
edge_texture_feature_027,0.05219769353907351,-0.08266188499244728,0.05143335828373931,-0.05659951767342097,0.07551622102887788,-0.021615459044579212,0.060243764600284,-0.002287566793307233,0.02656002206059211,0.00014991770071214226,-0.0462908956561295,-0.10247299466093232,0.0844198126291203,0.101933970618507,0.02685550649915239,0.12137085254089489,-0.03805013406452223,0.3622466853693798,-0.08137115382590171,0.30755735479403545,0.25111114771501264,0.1853303948492208,0.03496290481470586,0.0754240171541878,-0.04982079904071559,-0.015400351998199028,-0.0004193339922401192,0.1651887775675661,-0.0625286195242756,1.0,-0.03394147179285751,0.1723648945847759,0.1742533848986239,0.11430287601280983,0.21956797816957715,-0.08945431299954126,-0.05172733741305595,0.15436099437458645,0.20577913870542422,0.05608243962459198
edge_texture_feature_028,0.16127805422646457,0.06386555889965033,0.1568560396497122,0.008360524795047099,-0.16658319580402445,0.059540222748837,-0.11740738137725257,-0.1793367578793272,0.12217601068041539,-0.10307001217030683,0.0395526932161638,-0.0069131032474751275,0.08004028812130547,-0.08309550605809307,-0.04536112579632678,-0.12902713504279117,-0.015784044178508826,0.013816080053244141,0.32540426829393476,-0.046760593191759875,-0.09140275623427062,0.019425103532896483,0.01138446460176862,-0.21129795270163074,0.16642198660784116,-0.1670813970082952,-0.2880283511108394,-0.0007525206315184387,0.16606687773023998,-0.03394147179285751,1.0,0.12085454325118092,-0.15403550357737525,-0.19547719649801543,-0.06410514820372874,-0.023119008288345608,-0.057726343999367956,-0.09494200610180652,0.03668697518217797,-0.21070810321307712
edge_texture_feature_029,0.17767599561511546,0.023357264591704684,0.1731910508153509,-0.07811957294402741,-0.10547585117082203,0.03450984983321436,0.09737937227145148,-0.201633582491637,0.11403136272918345,-0.10283748211900226,-0.026124852695478835,0.13493463068849765,0.175765272431005,0.06043357906401366,-0.03535352208312302,-0.12218131423861134,0.12935004822382382,0.18958111086343626,0.24489240718753155,0.10343950919188782,-0.04521488278084054,0.029845323004651945,-0.040628180806423365,0.12223227729001258,-0.12471515629022063,-0.0741350824616553,-0.2491149067169653,-0.01991872369171779,0.2481600448660524,0.1723648945847759,0.12085454325118092,1.0,-0.03360352310307539,-0.007358990275985508,0.3523054355323467,0.018332386358015325,-0.1331593013389572,-0.09886572680415832,0.16716008216742195,-0.10343994855919642
edge_texture_feature_030,0.05207115689837756,-0.11000952683125981,0.05358773182806434,-0.2200255712958231,-0.06731194477591086,-0.1063881187283984,0.10200048768888992,0.062075475149985244,0.0734159723403914,-0.14846829849951024,0.032833051990447885,0.0026145196657129575,-0.087532859869124,0.023509387185907664,0.03079920645444201,0.20948733836956343,0.00389263710150286,0.1433032170695156,-0.11938194085934996,-0.04739181856499817,0.015252761995806378,0.01582664221721454,0.0041238592786223376,0.11476211991869083,-0.009239564474319992,0.06464701342707337,0.1024864309743591,-0.03353219302788744,-0.1287502237058151,0.1742533848986239,-0.15403550357737525,-0.03360352310307539,1.0,0.11230072122813457,0.12945550473798043,-0.04007648556394949,0.11878299710929939,0.2494150497368395,0.043029949140291665,0.4259885595594393
edge_texture_feature_031,-0.11766945312047455,-0.14533615347737863,-0.11610277088831068,0.0013803887117688988,0.1711455003354285,-0.06443730622126732,0.1464336271114963,0.2309596555232653,0.033600723941212336,0.048797220771526345,-0.17819923386082792,0.0068224450846447226,-0.2704824456556419,0.30923342623958044,0.09464631405254223,0.2609458507960208,0.011403998031237794,0.12984201221700273,-0.31706869396808324,0.04174021001095652,0.069719164914228,-0.08578633766957879,0.09221108036960679,0.023413759854899404,-0.0956091646490658,0.12778861481631545,0.09853201952734508,-0.0002569494756174787,-0.24377964064246443,0.11430287601280983,-0.19547719649801543,-0.007358990275985508,0.11230072122813457,1.0,0.23893327197049494,0.034226886498358595,0.1252074845612739,0.28317706694247285,0.02607248358932317,0.2647182414024781
edge_texture_feature_032,0.02595873532129482,-0.10363696097597448,0.024833221866215963,-0.02924044617768896,-0.07190465743048857,-0.08924155042073856,0.24516821608039716,-0.08397680278943861,0.025720244323676488,-0.12773072818888714,-0.10726531281429141,0.12844194152442157,-0.009648313404759785,0.1191977745826024,0.07157400862800209,0.123856216782679,0.06918811802537711,0.20632222981600376,-0.09467431506724586,0.12056944616279178,-0.026762747864384297,0.04389388111894625,-0.0036212455361537394,0.009234652633009693,-0.1182603647602565,-0.08584606393153629,-0.04310778829261423,0.049017589560079254,0.013467521406366104,0.21956797816957715,-0.06410514820372874,0.3523054355323467,0.12945550473798043,0.23893327197049494,1.0,0.1658722043550232,0.0032528492927288272,0.08671126964117183,0.10381091518796019,0.18434131887114455
edge_texture_feature_033,-0.07568512080935891,-0.0855174594187462,-0.0757345284324302,-0.007348922792640214,0.1871992136708411,-0.08613409150542722,0.08518602432365802,0.2566402562594083,0.14263042054534467,-0.02458085511626487,-0.010803832478178087,0.03459412901340085,-0.17966891820343844,-0.08996005391340295,0.10850370901552824,-0.09291520550033067,0.0820467359651987,-0.02490426568544639,-0.2845652082220463,0.046269802168448115,-0.13816655518269924,-0.1399225182613111,-0.2071539364634227,-0.12686090690347854,0.0058829207977371244,-0.05355241486131059,0.17691846939283523,-0.1484361297759985,-0.04792866956088713,-0.08945431299954126,-0.023119008288345608,0.018332386358015325,-0.04007648556394949,0.034226886498358595,0.1658722043550232,1.0,-0.0796397648426647,0.013931370943043819,-0.020577124861787123,-0.005413743671025284
edge_texture_feature_034,0.0015985349246316323,-0.04506701655078504,0.0022001495621128456,0.009270145903393857,-0.10980601513330925,-0.19631374468286214,0.025095296135646157,-0.07887923478869074,-0.015129732385093665,-0.06644672139627478,-0.16130554375127779,0.07413372314409249,-0.08355655524094296,-0.08657550697017495,0.09331192148111925,0.16578793348644874,-0.005933666379596271,-0.069042600665919,-0.07909216528632866,-0.036779888933519224,-0.08082868915012424,-0.0800448334234962,0.028927582419887216,0.03763310361738671,-0.09842061561948647,0.06686077206187085,0.0569806355304679,0.0030536193759332524,-0.11581244461182777,-0.05172733741305595,-0.057726343999367956,-0.1331593013389572,0.11878299710929939,0.1252074845612739,0.0032528492927288272,-0.0796397648426647,1.0,0.05463111872459367,-0.13314043476708523,-0.023601645938814867
edge_texture_feature_035,-0.11659302453812548,-0.042130665580415325,-0.11395740542654953,-0.1483791909233419,0.31906573274571204,-0.012552862343810043,0.013438309533351225,0.20619242869925042,0.0180040062574549,0.0621788119384877,-0.11257125509388048,-0.09915973206671763,0.02092097467151318,0.20542148732928886,0.1709558639286792,0.3145077671505428,-0.029364715887530347,0.11353261171612698,-0.10422971056988026,0.1978633715541632,0.10801277309000056,-0.07209355812757719,0.03730832977482671,-0.028171779932734193,0.005822998291709007,0.19880478428842946,0.28290275728493863,-0.10347549119652132,-0.15144307389616873,0.15436099437458645,-0.09494200610180652,-0.09886572680415832,0.2494150497368395,0.28317706694247285,0.08671126964117183,0.013931370943043819,0.05463111872459367,1.0,0.15595975181816907,0.3169951723706606
edge_texture_feature_036,0.13741933734796005,0.035501941781837076,0.1351928000004297,-0.09749193205782668,0.11215033648342759,0.10871734311767103,-0.029798289656578623,0.010129561369508407,0.023366407456637338,0.16042857353933968,0.05897717539654081,-0.07301213590965448,0.13006704187523543,0.25783289841392526,0.11353930263519993,-0.0460658302895471,-0.19441105967653205,0.09912485628072874,0.08242907078520088,0.3039912615854436,0.03275981270605438,0.11092663226746612,-0.15335510458579713,-0.07927977843623957,-0.09314585079268263,-0.03366304381245444,0.06627447587636037,0.007003391691897607,0.0767351887754908,0.20577913870542422,0.03668697518217797,0.16716008216742195,0.043029949140291665,0.02607248358932317,0.10381091518796019,-0.020577124861787123,-0.13314043476708523,0.15595975181816907,1.0,0.01796603343411338
edge_texture_feature_037,-0.2071857185256639,-0.22204755929582493,-0.20203263643020025,-0.20673376527895984,0.11512544792742953,-0.03897571555616159,0.05997469780154413,0.22646056429191902,0.2351035566683395,-0.1017894273095874,-0.17800533933447601,0.04997225592985762,-0.22557818884330313,0.29519304082888753,0.09064874209318538,0.21208800430189287,0.04197142706810698,0.036464037238482315,-0.30504476768369676,-0.17241795208955432,0.20874714326357782,-0.06861689644061557,-0.06738204734759136,0.0012167581759336863,0.11906653770016697,0.12903040324845733,0.27652466130916403,-0.10237082553402894,-0.2495303129568301,0.05608243962459198,-0.21070810321307712,-0.10343994855919642,0.4259885595594393,0.2647182414024781,0.18434131887114455,-0.005413743671025284,-0.023601645938814867,0.3169951723706606,0.01796603343411338,1.0
