class_name,video_name,relative_path,file_size_mb,opened,fps,frame_count,duration_seconds,width,height,status,review_reasons
safe,safe-100.mp4,Safe (3)\Safe (2)\Safe\safe-100.mp4,75.3,True,29.97,810,27.03,1080,1920,worthy,
safe,safe-101.mp4,Safe (3)\Safe (2)\Safe\safe-101.mp4,57.75,True,30.0,314,10.47,3840,2160,worthy,
safe,safe-102.mp4,Safe (3)\Safe (2)\Safe\safe-102.mp4,45.82,True,30.0,177,5.9,2160,3840,worthy,
safe,safe-103.mp4,Safe (3)\Safe (2)\Safe\safe-103.mp4,18.17,True,30.0,377,12.57,1922,1080,worthy,
safe,safe-104.mp4,Safe (3)\Safe (2)\Safe\safe-104.mp4,17.19,True,30.0,358,11.93,1922,1080,worthy,
safe,safe-105.mp4,Safe (3)\Safe (2)\Safe\safe-105.mp4,25.87,True,30.0,155,5.17,2560,1440,worthy,
safe,safe-106.mp4,Safe (3)\Safe (2)\Safe\safe-106.mp4,96.54,True,30.0,360,12.0,2560,1440,worthy,
safe,safe-107.mp4,Safe (3)\Safe (2)\Safe\safe-107.mp4,212.5,True,59.94,4320,72.07,3840,2160,worthy,
safe,safe-108.mp4,Safe (3)\Safe (2)\Safe\safe-108.mp4,228.57,True,30.0,1583,52.77,1920,1080,worthy,
safe,safe-109.mp4,Safe (3)\Safe (2)\Safe\safe-109.mp4,44.02,True,29.97,285,9.51,3840,2160,worthy,
safe,safe-110.mp4,Safe (3)\Safe (2)\Safe\safe-110.mp4,12.34,True,30.0,494,16.47,1080,1920,worthy,
safe,safe-111.mp4,Safe (3)\Safe (2)\Safe\safe-111.mp4,149.39,True,29.97,969,32.33,2160,3840,worthy,
safe,safe-112.mp4,Safe (3)\Safe (2)\Safe\safe-112.mp4,9.33,True,30.0,171,5.7,1080,1920,worthy,
safe,safe-113.mp4,Safe (3)\Safe (2)\Safe\safe-113.mp4,7.31,True,30.0,230,7.67,1080,1920,worthy,
safe,safe-114.mp4,Safe (3)\Safe (2)\Safe\safe-114.mp4,17.29,True,30.0,322,10.73,1080,1920,worthy,
safe,safe-115.mp4,Safe (3)\Safe (2)\Safe\safe-115.mp4,127.82,True,29.97,1205,40.21,2160,3840,worthy,
safe,safe-116.mp4,Safe (3)\Safe (2)\Safe\safe-116.mp4,32.61,True,60.0,665,11.08,2160,3840,worthy,
safe,safe-117.mp4,Safe (3)\Safe (2)\Safe\safe-117.mp4,22.55,True,23.98,288,12.01,3240,2160,worthy,
safe,safe-118.mp4,Safe (3)\Safe (2)\Safe\safe-118.mp4,26.93,True,29.97,444,14.81,2560,1440,worthy,
safe,safe-119.mp4,Safe (3)\Safe (2)\Safe\safe-119.mp4,310.05,True,59.94,3684,61.46,3840,2160,worthy,
safe,safe-120.mp4,Safe (3)\Safe (2)\Safe\safe-120.mp4,24.27,True,25.0,260,10.4,3840,2160,worthy,
safe,safe-121.mp4,Safe (3)\Safe (2)\Safe\safe-121.mp4,13.33,True,30.0,620,20.67,1080,1920,worthy,
safe,safe-122.mp4,Safe (3)\Safe (2)\Safe\safe-122.mp4,21.22,True,30.0,340,11.33,2160,3840,worthy,
safe,safe-123.mp4,Safe (3)\Safe (2)\Safe\safe-123.mp4,5.67,True,59.94,300,5.0,1080,1920,worthy,
safe,safe-124.mp4,Safe (3)\Safe (2)\Safe\safe-124.mp4,16.78,True,60.0,992,16.53,1080,1920,worthy,
safe,safe-125.mp4,Safe (3)\Safe (2)\Safe\safe-125.mp4,10.17,True,30.0,363,12.1,1080,1920,worthy,
safe,safe-126.mp4,Safe (3)\Safe (2)\Safe\safe-126.mp4,52.74,True,23.98,381,15.89,3840,2160,worthy,
safe,safe-127.mp4,Safe (3)\Safe (2)\Safe\safe-127.mp4,31.87,True,23.98,240,10.01,2160,3840,worthy,
safe,safe-128.mp4,Safe (3)\Safe (2)\Safe\safe-128.mp4,15.33,True,29.97,149,4.97,3840,2160,worthy,
safe,safe-129.mp4,Safe (3)\Safe (2)\Safe\safe-129.mp4,8.67,True,29.97,59,1.97,3840,2160,review,too_short_under_2s
safe,safe-130.mp4,Safe (3)\Safe (2)\Safe\safe-130.mp4,33.84,True,29.97,598,19.95,2560,1440,worthy,
safe,safe-131.mp4,Safe (3)\Safe (2)\Safe\safe-131.mp4,22.09,True,30.0,206,6.87,3840,2160,worthy,
safe,safe-132.mp4,Safe (3)\Safe (2)\Safe\safe-132.mp4,15.77,True,25.0,564,22.56,1440,1472,worthy,
safe,safe-133.mp4,Safe (3)\Safe (2)\Safe\safe-133.mp4,2.26,True,25.0,100,4.0,1920,1080,worthy,
safe,safe-134.mp4,Safe (3)\Safe (2)\Safe\safe-134.mp4,11.81,True,24.0,151,6.29,1440,2556,worthy,
safe,safe-135.mp4,Safe (3)\Safe (2)\Safe\safe-135.mp4,19.53,True,30.0,276,9.2,2160,3840,worthy,
safe,safe-136.mp4,Safe (3)\Safe (2)\Safe\safe-136.mp4,322.22,True,59.94,3663,61.11,3840,2160,worthy,
safe,safe-137.mp4,Safe (3)\Safe (2)\Safe\safe-137.mp4,11.24,True,24.0,405,16.88,1920,1080,worthy,
safe,safe-138.mp4,Safe (3)\Safe (2)\Safe\safe-138.mp4,92.49,True,60.0,1849,30.82,2160,3840,worthy,
safe,safe-139.mp4,Safe (3)\Safe (2)\Safe\safe-139.mp4,50.87,True,25.0,492,19.68,2160,3840,worthy,
safe,safe-140.mp4,Safe (3)\Safe (2)\Safe\safe-140.mp4,57.85,True,25.0,783,31.32,3840,2160,worthy,
safe,safe-141.mp4,Safe (3)\Safe (2)\Safe\safe-141.mp4,67.35,True,23.98,484,20.19,3840,2160,worthy,
safe,safe-142.mp4,Safe (3)\Safe (2)\Safe\safe-142.mp4,42.61,True,23.98,471,19.64,2160,3840,worthy,
safe,safe-143.mp4,Safe (3)\Safe (2)\Safe\safe-143.mp4,18.91,True,30.0,623,20.77,1440,2560,worthy,
safe,safe-144.mp4,Safe (3)\Safe (2)\Safe\safe-144.mp4,14.02,True,59.94,601,10.03,1080,1920,worthy,
safe,safe-145.mp4,Safe (3)\Safe (2)\Safe\safe-145.mp4,11.65,True,30.0,518,17.27,1920,1080,worthy,
safe,safe-146.mp4,Safe (3)\Safe (2)\Safe\safe-146.mp4,15.46,True,50.0,257,5.14,3840,2160,worthy,
safe,safe-147.mp4,Safe (3)\Safe (2)\Safe\safe-147.mp4,3.15,True,30.0,112,3.73,1920,1080,worthy,
safe,safe-148.mp4,Safe (3)\Safe (2)\Safe\safe-148.mp4,3.79,True,30.0,141,4.7,1920,1080,worthy,
safe,safe-149.mp4,Safe (3)\Safe (2)\Safe\safe-149.mp4,28.28,True,30.0,344,11.47,3840,2160,worthy,
safe,safe-150.mp4,Safe (3)\Safe (2)\Safe\safe-150.mp4,10.32,True,23.98,312,13.01,1080,1920,worthy,
safe,safe-151.mp4,Safe (3)\Safe (2)\Safe\safe-151.mp4,41.77,True,29.97,405,13.51,3840,2160,worthy,
safe,safe-152.mp4,Safe (3)\Safe (2)\Safe\safe-152.mp4,64.58,True,60.0,1450,24.17,2160,3840,worthy,
safe,safe-153.mp4,Safe (3)\Safe (2)\Safe\safe-153.mp4,55.88,True,60.0,954,15.9,3840,2160,worthy,
safe,safe-154.mp4,Safe (3)\Safe (2)\Safe\safe-154.mp4,24.01,True,30.0,609,20.3,1080,1920,worthy,
safe,safe-155.mp4,Safe (3)\Safe (2)\Safe\safe-155.mp4,67.65,True,30.0,1511,50.37,1080,1920,worthy,
safe,safe-156.mp4,Safe (3)\Safe (2)\Safe\safe-156.mp4,26.96,True,29.97,282,9.41,2560,1440,worthy,
safe,safe-157.mp4,Safe (3)\Safe (2)\Safe\safe-157.mp4,77.61,True,30.0,525,17.5,2160,3840,worthy,
safe,safe-158.mp4,Safe (3)\Safe (2)\Safe\safe-158.mp4,43.38,True,60.0,689,11.48,2160,3840,worthy,
safe,safe-159.mp4,Safe (3)\Safe (2)\Safe\safe-159.mp4,5.94,True,60.0,486,8.1,1080,1920,worthy,
safe,safe-160.mp4,Safe (3)\Safe (2)\Safe\safe-160.mp4,4.24,True,29.97,166,5.54,1080,1920,worthy,
safe,safe-161.mp4,Safe (3)\Safe (2)\Safe\safe-161.mp4,67.73,True,60.0,1194,19.9,2160,3840,worthy,
safe,safe-162.mp4,Safe (3)\Safe (2)\Safe\safe-162.mp4,16.48,True,29.97,493,16.45,1080,1920,worthy,
safe,safe-163.mp4,Safe (3)\Safe (2)\Safe\safe-163.mp4,13.94,True,119.88,1328,11.08,1920,1080,worthy,
safe,safe-164.mp4,Safe (3)\Safe (2)\Safe\safe-164.mp4,19.51,True,50.0,648,12.96,1440,2560,worthy,
safe,safe-165.mp4,Safe (3)\Safe (2)\Safe\safe-165.mp4,41.43,True,60.0,784,13.07,3840,2160,worthy,
safe,safe-166.mp4,Safe (3)\Safe (2)\Safe\safe-166.mp4,73.95,True,60.0,1178,19.63,3840,2160,worthy,
safe,safe-167.mp4,Safe (3)\Safe (2)\Safe\safe-167.mp4,51.52,True,25.0,475,19.0,2160,3840,worthy,
safe,safe-168.mp4,Safe (3)\Safe (2)\Safe\safe-168.mp4,70.76,True,120.0,1360,11.33,2160,3840,worthy,
safe,safe-169.mp4,Safe (3)\Safe (2)\Safe\safe-169.mp4,20.32,True,50.0,552,11.04,1080,1920,worthy,
safe,safe-170.mp4,Safe (3)\Safe (2)\Safe\safe-170.mp4,18.55,True,29.97,219,7.31,2160,3840,worthy,
safe,safe-171.mp4,Safe (3)\Safe (2)\Safe\safe-171.mp4,3.38,True,30.0,151,5.03,1080,1920,worthy,
safe,safe-172.mp4,Safe (3)\Safe (2)\Safe\safe-172.mp4,70.15,True,23.98,554,23.11,3840,2160,worthy,
safe,safe-173.mp4,Safe (3)\Safe (2)\Safe\safe-173.mp4,48.94,True,29.97,691,23.06,2160,3840,worthy,
safe,safe-174.mp4,Safe (3)\Safe (2)\Safe\safe-174.mp4,15.99,True,29.97,676,22.56,1080,1920,worthy,
safe,safe-175.mp4,Safe (3)\Safe (2)\Safe\safe-175.mp4,90.72,True,60.0,1818,30.3,2160,3840,worthy,
safe,safe-176.mp4,Safe (3)\Safe (2)\Safe\safe-176.mp4,11.28,True,24.0,396,16.5,1920,1080,worthy,
safe,safe-177.mp4,Safe (3)\Safe (2)\Safe\safe-177.mp4,79.54,True,29.97,798,26.63,3840,2160,worthy,
safe,safe-178.mp4,Safe (3)\Safe (2)\Safe\safe-178.mp4,7.47,True,24.0,254,10.58,1920,1080,worthy,
safe,safe-179.mp4,Safe (3)\Safe (2)\Safe\safe-179.mp4,37.27,True,29.97,1616,53.92,1920,1080,worthy,
safe,safe-180.mp4,Safe (3)\Safe (2)\Safe\safe-180.mp4,32.3,True,29.97,1397,46.61,1920,1080,worthy,
safe,safe-181.mp4,Safe (3)\Safe (2)\Safe\safe-181.mp4,76.33,True,30.52,769,25.2,3840,2160,worthy,
safe,safe-182.mp4,Safe (3)\Safe (2)\Safe\safe-182.mp4,37.2,True,60.0,713,11.88,2160,3840,worthy,
safe,safe-183.mp4,Safe (3)\Safe (2)\Safe\safe-183.mp4,6.15,True,30.0,243,8.1,1080,1920,worthy,
safe,safe-184.mp4,Safe (3)\Safe (2)\Safe\safe-184.mp4,201.82,True,60.0,4108,68.47,3626,1994,worthy,
safe,safe-185.mp4,Safe (3)\Safe (2)\Safe\safe-185.mp4,4.94,True,29.97,187,6.24,1080,1920,worthy,
safe,safe-186.mp4,Safe (3)\Safe (2)\Safe\safe-186.mp4,28.74,True,60.0,1054,17.57,1440,2560,worthy,
safe,safe-187.mp4,Safe (3)\Safe (2)\Safe\safe-187.mp4,92.48,True,29.97,951,31.73,2160,3840,worthy,
safe,safe-188.mp4,Safe (3)\Safe (2)\Safe\safe-188.mp4,11.9,True,24.0,161,6.71,2560,1440,worthy,
safe,safe-189.mp4,Safe (3)\Safe (2)\Safe\safe-189.mp4,29.25,True,23.98,224,9.34,3840,2160,worthy,
safe,safe-190.mp4,Safe (3)\Safe (2)\Safe\safe-190.mp4,5.71,True,29.97,239,7.97,1080,1920,worthy,
safe,safe-191.mp4,Safe (3)\Safe (2)\Safe\safe-191.mp4,20.85,True,60.0,410,6.83,2160,3840,worthy,
safe,safe-192.mp4,Safe (3)\Safe (2)\Safe\safe-192.mp4,37.55,True,60.0,722,12.03,2160,3840,worthy,
safe,safe-193.mp4,Safe (3)\Safe (2)\Safe\safe-193.mp4,110.86,True,59.94,2235,37.29,2160,3840,worthy,
safe,safe-194.mp4,Safe (3)\Safe (2)\Safe\safe-194.mp4,5.8,True,29.97,229,7.64,1920,1080,worthy,
safe,safe-195.mp4,Safe (3)\Safe (2)\Safe\safe-195.mp4,95.12,True,59.94,1918,32.0,2160,3840,worthy,
safe,safe-196.mp4,Safe (3)\Safe (2)\Safe\safe-196.mp4,68.67,True,23.98,2880,120.12,1080,1920,worthy,
safe,safe-197.avi,Safe (3)\Safe (2)\Safe\safe-197.avi,4.92,True,30.0,150,5.0,872,720,worthy,
safe,safe-198.avi,Safe (3)\Safe (2)\Safe\safe-198.avi,2.73,True,30.0,150,5.0,872,720,worthy,
safe,safe-199.avi,Safe (3)\Safe (2)\Safe\safe-199.avi,1.31,True,30.0,150,5.0,398,224,worthy,
safe,safe-200.avi,Safe (3)\Safe (2)\Safe\safe-200.avi,1.42,True,30.0,150,5.0,398,224,worthy,
safe,safe-201.avi,Safe (3)\Safe (2)\Safe\safe-201.avi,1.61,True,30.0,150,5.0,398,224,worthy,
safe,safe-202.avi,Safe (3)\Safe (2)\Safe\safe-202.avi,1.59,True,30.0,150,5.0,398,224,worthy,
safe,safe-203.avi,Safe (3)\Safe (2)\Safe\safe-203.avi,1.63,True,30.0,150,5.0,398,224,worthy,
safe,safe-204.avi,Safe (3)\Safe (2)\Safe\safe-204.avi,1.62,True,30.0,150,5.0,398,224,worthy,
safe,safe-205.avi,Safe (3)\Safe (2)\Safe\safe-205.avi,1.58,True,30.0,150,5.0,398,224,worthy,
safe,safe-206.avi,Safe (3)\Safe (2)\Safe\safe-206.avi,1.55,True,30.0,150,5.0,398,224,worthy,
safe,safe-207.avi,Safe (3)\Safe (2)\Safe\safe-207.avi,13.69,True,30.0,150,5.0,1280,720,worthy,
safe,safe-208.avi,Safe (3)\Safe (2)\Safe\safe-208.avi,8.25,True,30.0,150,5.0,1280,720,worthy,
safe,safe-209.avi,Safe (3)\Safe (2)\Safe\safe-209.avi,14.61,True,30.0,150,5.0,1280,720,worthy,
safe,safe-210.avi,Safe (3)\Safe (2)\Safe\safe-210.avi,11.02,True,30.0,150,5.0,1280,720,worthy,
safe,safe-211.avi,Safe (3)\Safe (2)\Safe\safe-211.avi,11.09,True,30.0,150,5.0,1280,720,worthy,
safe,safe-212.avi,Safe (3)\Safe (2)\Safe\safe-212.avi,2.89,True,30.0,150,5.0,320,240,worthy,
safe,safe-213.avi,Safe (3)\Safe (2)\Safe\safe-213.avi,1.31,True,30.0,150,5.0,320,240,worthy,
safe,safe-214.avi,Safe (3)\Safe (2)\Safe\safe-214.avi,7.33,True,30.0,150,5.0,1280,720,worthy,
safe,safe-215.avi,Safe (3)\Safe (2)\Safe\safe-215.avi,7.98,True,30.0,150,5.0,1280,720,worthy,
safe,safe-216.avi,Safe (3)\Safe (2)\Safe\safe-216.avi,8.22,True,30.0,150,5.0,1280,720,worthy,
safe,safe-217.avi,Safe (3)\Safe (2)\Safe\safe-217.avi,1.46,True,30.0,150,5.0,480,360,worthy,
safe,safe-218.avi,Safe (3)\Safe (2)\Safe\safe-218.avi,10.16,True,30.0,150,5.0,1280,720,worthy,
safe,safe-219.avi,Safe (3)\Safe (2)\Safe\safe-219.avi,10.48,True,30.0,150,5.0,1280,720,worthy,
safe,safe-220.avi,Safe (3)\Safe (2)\Safe\safe-220.avi,1.97,True,30.0,150,5.0,640,360,worthy,
safe,safe-221.avi,Safe (3)\Safe (2)\Safe\safe-221.avi,2.62,True,30.0,150,5.0,320,240,worthy,
safe,safe-222.avi,Safe (3)\Safe (2)\Safe\safe-222.avi,5.43,True,30.0,150,5.0,1280,720,worthy,
safe,safe-223.avi,Safe (3)\Safe (2)\Safe\safe-223.avi,5.66,True,30.0,150,5.0,1280,720,worthy,
safe,safe-224.avi,Safe (3)\Safe (2)\Safe\safe-224.avi,5.82,True,30.0,150,5.0,1280,720,worthy,
safe,safe-225.avi,Safe (3)\Safe (2)\Safe\safe-225.avi,1.29,True,30.0,150,5.0,320,240,worthy,
safe,safe-226.avi,Safe (3)\Safe (2)\Safe\safe-226.avi,3.91,True,30.0,150,5.0,320,240,worthy,
safe,safe-227.avi,Safe (3)\Safe (2)\Safe\safe-227.avi,11.1,True,30.0,150,5.0,1280,720,worthy,
safe,safe-228.avi,Safe (3)\Safe (2)\Safe\safe-228.avi,10.13,True,30.0,150,5.0,1280,720,worthy,
safe,safe-229.avi,Safe (3)\Safe (2)\Safe\safe-229.avi,10.3,True,30.0,150,5.0,1280,720,worthy,
safe,safe-230.avi,Safe (3)\Safe (2)\Safe\safe-230.avi,5.79,True,30.0,150,5.0,1280,720,worthy,
safe,safe-231.avi,Safe (3)\Safe (2)\Safe\safe-231.avi,9.7,True,30.0,150,5.0,1280,720,worthy,
safe,safe-232.avi,Safe (3)\Safe (2)\Safe\safe-232.avi,2.44,True,30.0,150,5.0,640,360,worthy,
safe,safe-233.avi,Safe (3)\Safe (2)\Safe\safe-233.avi,2.61,True,30.0,150,5.0,640,360,worthy,
safe,safe-234.avi,Safe (3)\Safe (2)\Safe\safe-234.avi,11.77,True,30.0,150,5.0,1280,720,worthy,
safe,safe-235.avi,Safe (3)\Safe (2)\Safe\safe-235.avi,8.59,True,30.0,150,5.0,1280,720,worthy,
safe,safe-236.avi,Safe (3)\Safe (2)\Safe\safe-236.avi,2.61,True,30.0,150,5.0,320,240,worthy,
safe,safe-237.avi,Safe (3)\Safe (2)\Safe\safe-237.avi,1.77,True,30.0,150,5.0,320,240,worthy,
safe,safe-238.avi,Safe (3)\Safe (2)\Safe\safe-238.avi,3.7,True,30.0,150,5.0,320,240,worthy,
safe,safe-239.avi,Safe (3)\Safe (2)\Safe\safe-239.avi,2.44,True,30.0,150,5.0,320,240,worthy,
safe,safe-240.avi,Safe (3)\Safe (2)\Safe\safe-240.avi,3.09,True,30.0,150,5.0,640,360,worthy,
safe,safe-241.avi,Safe (3)\Safe (2)\Safe\safe-241.avi,3.18,True,30.0,150,5.0,640,360,worthy,
safe,safe-242.avi,Safe (3)\Safe (2)\Safe\safe-242.avi,3.17,True,30.0,150,5.0,640,360,worthy,
safe,safe-243.avi,Safe (3)\Safe (2)\Safe\safe-243.avi,2.96,True,30.0,150,5.0,320,240,worthy,
safe,safe-244.avi,Safe (3)\Safe (2)\Safe\safe-244.avi,1.93,True,30.0,150,5.0,320,240,worthy,
safe,safe-245.avi,Safe (3)\Safe (2)\Safe\safe-245.avi,2.66,True,30.0,150,5.0,320,240,worthy,
safe,safe-246.avi,Safe (3)\Safe (2)\Safe\safe-246.avi,2.91,True,30.0,150,5.0,320,240,worthy,
safe,safe-247.avi,Safe (3)\Safe (2)\Safe\safe-247.avi,2.15,True,30.0,150,5.0,320,240,worthy,
safe,safe-248.avi,Safe (3)\Safe (2)\Safe\safe-248.avi,1.49,True,30.0,150,5.0,400,222,review,low_resolution
safe,safe-249.avi,Safe (3)\Safe (2)\Safe\safe-249.avi,1.44,True,30.0,150,5.0,400,222,review,low_resolution
safe,safe-250.avi,Safe (3)\Safe (2)\Safe\safe-250.avi,1.5,True,30.0,150,5.0,400,222,review,low_resolution
safe,safe-51.mp4,Safe (3)\Safe (2)\Safe\safe-51.mp4,2.17,True,29.97,124,4.14,1920,1080,worthy,
safe,safe-52.mp4,Safe (3)\Safe (2)\Safe\safe-52.mp4,14.33,True,25.0,513,20.52,1920,1080,worthy,
safe,safe-53.mp4,Safe (3)\Safe (2)\Safe\safe-53.mp4,9.49,True,23.98,363,15.14,1920,1080,worthy,
safe,safe-54.mp4,Safe (3)\Safe (2)\Safe\safe-54.mp4,12.74,True,23.98,537,22.4,1080,1920,worthy,
safe,safe-55.mp4,Safe (3)\Safe (2)\Safe\safe-55.mp4,23.08,True,25.0,839,33.56,1920,1080,worthy,
safe,safe-56.mp4,Safe (3)\Safe (2)\Safe\safe-56.mp4,9.85,True,29.97,416,13.88,1920,1080,worthy,
safe,safe-57.mp4,Safe (3)\Safe (2)\Safe\safe-57.mp4,11.54,True,25.0,343,13.72,3840,2160,worthy,
safe,safe-58.mp4,Safe (3)\Safe (2)\Safe\safe-58.mp4,14.57,True,25.0,357,14.28,3840,2160,worthy,
safe,safe-59.mp4,Safe (3)\Safe (2)\Safe\safe-59.mp4,10.67,True,24.0,359,14.96,1920,1080,worthy,
safe,safe-60.mp4,Safe (3)\Safe (2)\Safe\safe-60.mp4,6.03,True,25.0,336,13.44,1080,1920,worthy,
safe,safe-61.mp4,Safe (3)\Safe (2)\Safe\safe-61.mp4,6.58,True,25.0,250,10.0,1080,1920,worthy,
safe,safe-62.mp4,Safe (3)\Safe (2)\Safe\safe-62.mp4,6.67,True,25.0,326,13.04,2560,1440,worthy,
safe,safe-63.mp4,Safe (3)\Safe (2)\Safe\safe-63.mp4,25.14,True,24.0,239,9.96,4096,2160,worthy,
safe,safe-64.mp4,Safe (3)\Safe (2)\Safe\safe-64.mp4,33.39,True,25.0,537,21.48,2560,1440,worthy,
safe,safe-65.mp4,Safe (3)\Safe (2)\Safe\safe-65.mp4,49.35,True,30.0,487,16.23,3840,2160,worthy,
safe,safe-66.mp4,Safe (3)\Safe (2)\Safe\safe-66.mp4,15.86,True,25.0,459,18.36,2160,4096,worthy,
safe,safe-67.mp4,Safe (3)\Safe (2)\Safe\safe-67.mp4,10.24,True,25.0,535,21.4,1920,1080,worthy,
safe,safe-68.mp4,Safe (3)\Safe (2)\Safe\safe-68.mp4,11.73,True,25.0,717,28.68,1080,1920,worthy,
safe,safe-69.mp4,Safe (3)\Safe (2)\Safe\safe-69.mp4,49.41,True,25.0,681,27.24,3840,2160,worthy,
safe,safe-70.mp4,Safe (3)\Safe (2)\Safe\safe-70.mp4,19.85,True,25.0,260,10.4,3840,2160,worthy,
safe,safe-71.mp4,Safe (3)\Safe (2)\Safe\safe-71.mp4,7.82,True,25.0,618,24.72,1280,720,worthy,
safe,safe-72.mp4,Safe (3)\Safe (2)\Safe\safe-72.mp4,6.52,True,25.0,327,13.08,1920,1080,worthy,
safe,safe-73.mp4,Safe (3)\Safe (2)\Safe\safe-73.mp4,14.39,True,25.0,597,23.88,1920,1080,worthy,
safe,safe-74.mp4,Safe (3)\Safe (2)\Safe\safe-74.mp4,7.6,True,29.97,367,12.25,1080,1920,worthy,
safe,safe-75.mp4,Safe (3)\Safe (2)\Safe\safe-75.mp4,23.34,True,25.0,219,8.76,3840,2160,worthy,
safe,safe-76.mp4,Safe (3)\Safe (2)\Safe\safe-76.mp4,29.5,True,30.0,335,11.17,3840,2160,worthy,
safe,safe-77.mp4,Safe (3)\Safe (2)\Safe\safe-77.mp4,21.47,True,30.0,243,8.1,3840,2160,worthy,
safe,safe-78.mp4,Safe (3)\Safe (2)\Safe\safe-78.mp4,11.39,True,23.98,399,16.64,1920,1080,worthy,
safe,safe-79.mp4,Safe (3)\Safe (2)\Safe\safe-79.mp4,29.94,True,24.0,432,18.0,2560,1440,worthy,
safe,safe-80.mp4,Safe (3)\Safe (2)\Safe\safe-80.mp4,56.22,True,30.0,588,19.6,3840,2160,worthy,
safe,safe-81.mp4,Safe (3)\Safe (2)\Safe\safe-81.mp4,7.27,True,30.0,353,11.77,1920,1080,worthy,
safe,safe-82.mp4,Safe (3)\Safe (2)\Safe\safe-82.mp4,22.6,True,25.0,211,8.44,2160,3840,worthy,
safe,safe-83.mp4,Safe (3)\Safe (2)\Safe\safe-83.mp4,40.16,True,59.94,1438,23.99,1080,1920,worthy,
safe,safe-84.mp4,Safe (3)\Safe (2)\Safe\safe-84.mp4,38.78,True,59.94,1430,23.86,1080,1920,worthy,
safe,safe-85.mp4,Safe (3)\Safe (2)\Safe\safe-85.mp4,237.85,True,60.0,1920,32.0,2160,3840,worthy,
safe,safe-86.mp4,Safe (3)\Safe (2)\Safe\safe-86.mp4,29.94,True,29.97,450,15.02,1080,1920,worthy,
safe,safe-87.mp4,Safe (3)\Safe (2)\Safe\safe-87.mp4,29.94,True,29.97,450,15.02,1080,1920,worthy,
safe,safe-88.mp4,Safe (3)\Safe (2)\Safe\safe-88.mp4,237.16,True,59.94,1672,27.89,3840,2160,worthy,
safe,safe-89.mp4,Safe (3)\Safe (2)\Safe\safe-89.mp4,51.59,True,30.0,531,17.7,1080,1920,worthy,
safe,safe-90.mp4,Safe (3)\Safe (2)\Safe\safe-90.mp4,162.36,True,30.0,738,24.6,2160,3840,worthy,
safe,safe-91.mp4,Safe (3)\Safe (2)\Safe\safe-91.mp4,65.45,True,59.94,960,16.02,2160,3840,worthy,
safe,safe-92.mp4,Safe (3)\Safe (2)\Safe\safe-92.mp4,15.67,True,29.97,664,22.16,1920,1080,worthy,
safe,safe-93.mp4,Safe (3)\Safe (2)\Safe\safe-93.mp4,337.27,True,60.0,6258,104.3,1920,1080,worthy,
safe,safe-94.mp4,Safe (3)\Safe (2)\Safe\safe-94.mp4,53.12,True,60.0,578,9.63,2160,3840,worthy,
safe,safe-95.mp4,Safe (3)\Safe (2)\Safe\safe-95.mp4,82.89,True,60.0,1098,18.3,2160,3840,worthy,
safe,safe-96.mp4,Safe (3)\Safe (2)\Safe\safe-96.mp4,93.8,True,30.0,1490,49.67,1080,1920,worthy,
safe,safe-97.mp4,Safe (3)\Safe (2)\Safe\safe-97.mp4,22.81,True,30.0,748,24.93,1080,1920,worthy,
safe,safe-98.mp4,Safe (3)\Safe (2)\Safe\safe-98.mp4,10.06,True,29.97,300,10.01,1920,1080,worthy,
safe,safe-99.mp4,Safe (3)\Safe (2)\Safe\safe-99.mp4,144.28,True,59.94,1338,22.32,2562,1440,worthy,
safe,safe_01.mp4,Safe (3)\Safe (2)\Safe\safe_01.mp4,21.34,True,25.0,334,13.36,2160,4096,worthy,
safe,safe_02.mp4,Safe (3)\Safe (2)\Safe\safe_02.mp4,18.54,True,30.0,386,12.87,2560,1440,worthy,
safe,safe_03.mp4,Safe (3)\Safe (2)\Safe\safe_03.mp4,2.81,True,25.0,211,8.44,1280,720,worthy,
safe,safe_04.mp4,Safe (3)\Safe (2)\Safe\safe_04.mp4,13.98,True,25.0,288,11.52,3840,2160,worthy,
safe,safe_05.mp4,Safe (3)\Safe (2)\Safe\safe_05.mp4,17.62,True,30.0,309,10.3,2160,3840,worthy,
safe,safe_06.mp4,Safe (3)\Safe (2)\Safe\safe_06.mp4,45.87,True,30.0,483,16.1,2160,3840,worthy,
safe,safe_07.mp4,Safe (3)\Safe (2)\Safe\safe_07.mp4,2.35,True,30.0,241,8.03,1280,720,worthy,
safe,safe_08.mp4,Safe (3)\Safe (2)\Safe\safe_08.mp4,3.78,True,30.0,195,6.5,1920,1080,worthy,
safe,safe_09.mp4,Safe (3)\Safe (2)\Safe\safe_09.mp4,3.7,True,23.98,149,6.21,1080,1920,worthy,
safe,safe_10.mp4,Safe (3)\Safe (2)\Safe\safe_10.mp4,10.86,True,25.0,423,16.92,1920,1080,worthy,
safe,safe_11.mp4,Safe (3)\Safe (2)\Safe\safe_11.mp4,5.42,True,29.97,258,8.61,1920,1080,worthy,
safe,safe_12.mp4,Safe (3)\Safe (2)\Safe\safe_12.mp4,13.96,True,29.97,626,20.89,1920,1080,worthy,
safe,safe_13.mp4,Safe (3)\Safe (2)\Safe\safe_13.mp4,27.59,True,25.0,472,18.88,3840,2160,worthy,
safe,safe_14.mp4,Safe (3)\Safe (2)\Safe\safe_14.mp4,2.05,True,23.98,408,17.02,720,1280,worthy,
safe,safe_15.mp4,Safe (3)\Safe (2)\Safe\safe_15.mp4,42.0,True,25.0,1112,44.48,3840,2160,worthy,
safe,safe_16.mp4,Safe (3)\Safe (2)\Safe\safe_16.mp4,57.56,True,25.0,979,39.16,2160,4096,worthy,
safe,safe_17.mp4,Safe (3)\Safe (2)\Safe\safe_17.mp4,20.73,True,29.97,192,6.41,2160,3840,worthy,
safe,safe_18.mp4,Safe (3)\Safe (2)\Safe\safe_18.mp4,9.48,True,25.0,168,6.72,2560,1440,worthy,
safe,safe_19.mp4,Safe (3)\Safe (2)\Safe\safe_19.mp4,5.83,True,29.97,286,9.54,1080,1920,worthy,
safe,safe_20.mp4,Safe (3)\Safe (2)\Safe\safe_20.mp4,11.4,True,25.0,446,17.84,2560,1440,worthy,
safe,safe_21.mp4,Safe (3)\Safe (2)\Safe\safe_21.mp4,66.01,True,30.0,600,20.0,2160,3840,worthy,
safe,safe_22.mp4,Safe (3)\Safe (2)\Safe\safe_22.mp4,94.92,True,25.0,1517,60.68,4096,2160,worthy,
safe,safe_23.mp4,Safe (3)\Safe (2)\Safe\safe_23.mp4,48.1,True,30.0,883,29.43,2560,1440,worthy,
safe,safe_24.mp4,Safe (3)\Safe (2)\Safe\safe_24.mp4,32.03,True,30.0,458,15.27,1080,1920,worthy,
safe,safe_25.mp4,Safe (3)\Safe (2)\Safe\safe_25.mp4,47.49,True,30.0,243,8.1,2160,3840,worthy,
safe,safe_26.mp4,Safe (3)\Safe (2)\Safe\safe_26.mp4,21.14,True,25.0,419,16.76,2160,3840,worthy,
safe,safe_27.mp4,Safe (3)\Safe (2)\Safe\safe_27.mp4,7.41,True,25.0,516,20.64,1080,1920,worthy,
safe,safe_28.mp4,Safe (3)\Safe (2)\Safe\safe_28.mp4,33.01,True,25.0,607,24.28,2160,3840,worthy,
safe,safe_29.mp4,Safe (3)\Safe (2)\Safe\safe_29.mp4,9.76,True,25.0,438,17.52,1440,2560,worthy,
safe,safe_30.mp4,Safe (3)\Safe (2)\Safe\safe_30.mp4,5.03,True,29.97,236,7.87,1920,1080,worthy,
safe,safe_31.mp4,Safe (3)\Safe (2)\Safe\safe_31.mp4,4.66,True,29.97,206,6.87,1920,1080,worthy,
safe,safe_32.mp4,Safe (3)\Safe (2)\Safe\safe_32.mp4,7.5,True,30.0,382,12.73,1920,1080,worthy,
safe,safe_33.mp4,Safe (3)\Safe (2)\Safe\safe_33.mp4,5.44,True,30.0,270,9.0,1920,1080,worthy,
safe,safe_34.mp4,Safe (3)\Safe (2)\Safe\safe_34.mp4,8.4,True,30.0,528,17.6,1920,1080,worthy,
safe,safe_35.mp4,Safe (3)\Safe (2)\Safe\safe_35.mp4,43.5,True,25.0,695,27.8,3840,2160,worthy,
safe,safe_36.mp4,Safe (3)\Safe (2)\Safe\safe_36.mp4,16.69,True,25.0,295,11.8,3840,2160,worthy,
safe,safe_37.mp4,Safe (3)\Safe (2)\Safe\safe_37.mp4,14.89,True,25.0,576,23.04,2560,1440,worthy,
safe,safe_38.mp4,Safe (3)\Safe (2)\Safe\safe_38.mp4,12.9,True,25.0,264,10.56,3840,2160,worthy,
safe,safe_39.mp4,Safe (3)\Safe (2)\Safe\safe_39.mp4,2.44,True,23.98,68,2.84,1080,1920,worthy,
safe,safe_40.mp4,Safe (3)\Safe (2)\Safe\safe_40.mp4,14.0,True,23.98,360,15.01,1080,1920,worthy,
safe,safe_41.mp4,Safe (3)\Safe (2)\Safe\safe_41.mp4,8.0,True,25.0,394,15.76,1080,1920,worthy,
safe,safe_42.mp4,Safe (3)\Safe (2)\Safe\safe_42.mp4,54.84,True,25.0,494,19.76,4096,2160,worthy,
safe,safe_43.mp4,Safe (3)\Safe (2)\Safe\safe_43.mp4,87.1,True,25.0,799,31.96,4096,2160,worthy,
safe,safe_44.mp4,Safe (3)\Safe (2)\Safe\safe_44.mp4,16.23,True,25.0,151,6.04,3840,2160,worthy,
safe,safe_45.mp4,Safe (3)\Safe (2)\Safe\safe_45.mp4,26.77,True,25.0,342,13.68,2160,4096,worthy,
safe,safe_46.mp4,Safe (3)\Safe (2)\Safe\safe_46.mp4,48.55,True,25.0,663,26.52,4096,2160,worthy,
safe,safe_47.mp4,Safe (3)\Safe (2)\Safe\safe_47.mp4,15.7,True,30.0,339,11.3,3840,2160,worthy,
safe,safe_48.mp4,Safe (3)\Safe (2)\Safe\safe_48.mp4,53.29,True,25.0,869,34.76,4096,2160,worthy,
safe,safe_49.mp4,Safe (3)\Safe (2)\Safe\safe_49.mp4,15.22,True,25.0,535,21.4,2732,1440,worthy,
safe,safe_50.mp4,Safe (3)\Safe (2)\Safe\safe_50.mp4,25.24,True,25.0,232,9.28,4096,2160,worthy,
unsafe,unsafe-100.avi,Unsafe\Unsafe\unsafe-100.avi,8.92,True,30.0,150,5.0,1280,720,worthy,
unsafe,unsafe-101.avi,Unsafe\Unsafe\unsafe-101.avi,2.34,True,30.0,150,5.0,320,240,worthy,
unsafe,unsafe-102.avi,Unsafe\Unsafe\unsafe-102.avi,2.06,True,30.0,150,5.0,320,240,worthy,
unsafe,unsafe-103.avi,Unsafe\Unsafe\unsafe-103.avi,2.35,True,30.0,150,5.0,640,360,worthy,
unsafe,unsafe-104.avi,Unsafe\Unsafe\unsafe-104.avi,2.42,True,30.0,150,5.0,640,360,worthy,
unsafe,unsafe-105.avi,Unsafe\Unsafe\unsafe-105.avi,2.55,True,30.0,150,5.0,640,360,worthy,
unsafe,unsafe-106.avi,Unsafe\Unsafe\unsafe-106.avi,11.46,True,30.0,150,5.0,1280,720,worthy,
unsafe,unsafe-107.avi,Unsafe\Unsafe\unsafe-107.avi,10.3,True,30.0,150,5.0,1280,720,worthy,
unsafe,unsafe-108.avi,Unsafe\Unsafe\unsafe-108.avi,8.99,True,30.0,150,5.0,1280,720,worthy,
unsafe,unsafe-109.avi,Unsafe\Unsafe\unsafe-109.avi,8.87,True,30.0,150,5.0,1280,720,worthy,
unsafe,unsafe-110.avi,Unsafe\Unsafe\unsafe-110.avi,9.67,True,30.0,150,5.0,1280,720,worthy,
unsafe,unsafe-111.avi,Unsafe\Unsafe\unsafe-111.avi,3.01,True,30.0,150,5.0,320,240,worthy,
unsafe,unsafe-112.avi,Unsafe\Unsafe\unsafe-112.avi,3.21,True,30.0,150,5.0,640,360,worthy,
unsafe,unsafe-113.avi,Unsafe\Unsafe\unsafe-113.avi,1.69,True,30.0,150,5.0,320,240,worthy,
unsafe,unsafe-114.avi,Unsafe\Unsafe\unsafe-114.avi,1.75,True,30.0,150,5.0,320,240,worthy,
unsafe,unsafe-115.avi,Unsafe\Unsafe\unsafe-115.avi,4.15,True,30.0,150,5.0,720,720,worthy,
unsafe,unsafe-116.avi,Unsafe\Unsafe\unsafe-116.avi,2.03,True,30.0,150,5.0,540,360,worthy,
unsafe,unsafe-117.avi,Unsafe\Unsafe\unsafe-117.avi,2.15,True,30.0,150,5.0,540,360,worthy,
unsafe,unsafe-118.avi,Unsafe\Unsafe\unsafe-118.avi,1.43,True,30.0,150,5.0,400,222,review,low_resolution
unsafe,unsafe-119.avi,Unsafe\Unsafe\unsafe-119.avi,1.36,True,30.0,150,5.0,400,222,review,low_resolution
unsafe,unsafe-120.avi,Unsafe\Unsafe\unsafe-120.avi,1.6,True,30.0,150,5.0,400,222,review,low_resolution
unsafe,unsafe-121.avi,Unsafe\Unsafe\unsafe-121.avi,2.7,True,30.0,150,5.0,428,240,worthy,
unsafe,unsafe-122.avi,Unsafe\Unsafe\unsafe-122.avi,3.05,True,30.0,150,5.0,428,240,worthy,
unsafe,unsafe-123.avi,Unsafe\Unsafe\unsafe-123.avi,3.07,True,30.0,150,5.0,428,240,worthy,
unsafe,unsafe-124.avi,Unsafe\Unsafe\unsafe-124.avi,3.07,True,30.0,150,5.0,428,240,worthy,
unsafe,unsafe-125.avi,Unsafe\Unsafe\unsafe-125.avi,3.07,True,30.0,150,5.0,428,240,worthy,
unsafe,unsafe-126.avi,Unsafe\Unsafe\unsafe-126.avi,12.94,True,30.0,150,5.0,1280,720,worthy,
unsafe,unsafe-127.avi,Unsafe\Unsafe\unsafe-127.avi,12.7,True,30.0,150,5.0,1280,720,worthy,
unsafe,unsafe-128.avi,Unsafe\Unsafe\unsafe-128.avi,13.43,True,30.0,150,5.0,1280,720,worthy,
unsafe,unsafe-129.avi,Unsafe\Unsafe\unsafe-129.avi,13.31,True,30.0,150,5.0,1280,720,worthy,
unsafe,unsafe-130.avi,Unsafe\Unsafe\unsafe-130.avi,13.36,True,30.0,150,5.0,1280,720,worthy,
unsafe,unsafe-131.avi,Unsafe\Unsafe\unsafe-131.avi,8.36,True,30.0,150,5.0,1280,720,worthy,
unsafe,unsafe-132.avi,Unsafe\Unsafe\unsafe-132.avi,8.31,True,30.0,150,5.0,1280,720,worthy,
unsafe,unsafe-133.avi,Unsafe\Unsafe\unsafe-133.avi,17.72,True,30.0,150,5.0,1920,1080,worthy,
unsafe,unsafe-134.avi,Unsafe\Unsafe\unsafe-134.avi,4.44,True,30.0,150,5.0,406,720,worthy,
unsafe,unsafe-135.avi,Unsafe\Unsafe\unsafe-135.avi,3.89,True,30.0,150,5.0,406,720,worthy,
unsafe,unsafe-136.avi,Unsafe\Unsafe\unsafe-136.avi,11.63,True,30.0,150,5.0,1280,720,worthy,
unsafe,unsafe-137.avi,Unsafe\Unsafe\unsafe-137.avi,11.28,True,30.0,150,5.0,1280,720,worthy,
unsafe,unsafe-138.avi,Unsafe\Unsafe\unsafe-138.avi,11.58,True,30.0,150,5.0,1280,720,worthy,
unsafe,unsafe-139.avi,Unsafe\Unsafe\unsafe-139.avi,11.56,True,30.0,150,5.0,1280,720,worthy,
unsafe,unsafe-140.avi,Unsafe\Unsafe\unsafe-140.avi,11.62,True,30.0,150,5.0,1280,720,worthy,
unsafe,unsafe-141.avi,Unsafe\Unsafe\unsafe-141.avi,11.66,True,30.0,150,5.0,1280,720,worthy,
unsafe,unsafe-142.avi,Unsafe\Unsafe\unsafe-142.avi,11.59,True,30.0,150,5.0,1280,720,worthy,
unsafe,unsafe-143.avi,Unsafe\Unsafe\unsafe-143.avi,11.23,True,30.0,150,5.0,1280,720,worthy,
unsafe,unsafe-144.avi,Unsafe\Unsafe\unsafe-144.avi,11.16,True,30.0,150,5.0,1280,720,worthy,
unsafe,unsafe-145.avi,Unsafe\Unsafe\unsafe-145.avi,3.06,True,30.0,150,5.0,480,360,worthy,
unsafe,unsafe-146.avi,Unsafe\Unsafe\unsafe-146.avi,3.31,True,30.0,150,5.0,480,360,worthy,
unsafe,unsafe-147.avi,Unsafe\Unsafe\unsafe-147.avi,3.23,True,30.0,150,5.0,480,360,worthy,
unsafe,unsafe-148.avi,Unsafe\Unsafe\unsafe-148.avi,3.22,True,30.0,150,5.0,480,360,worthy,
unsafe,unsafe-149.avi,Unsafe\Unsafe\unsafe-149.avi,3.29,True,30.0,150,5.0,480,360,worthy,
unsafe,unsafe-150.avi,Unsafe\Unsafe\unsafe-150.avi,3.2,True,30.0,150,5.0,480,360,worthy,
unsafe,unsafe-151.avi,Unsafe\Unsafe\unsafe-151.avi,1.66,True,30.0,150,5.0,320,240,worthy,
unsafe,unsafe-152.avi,Unsafe\Unsafe\unsafe-152.avi,11.3,True,30.0,150,5.0,1280,720,worthy,
unsafe,unsafe-153.avi,Unsafe\Unsafe\unsafe-153.avi,23.39,True,30.0,150,5.0,1920,1080,worthy,
unsafe,unsafe-154.avi,Unsafe\Unsafe\unsafe-154.avi,23.67,True,30.0,150,5.0,1920,1080,worthy,
unsafe,unsafe-155.avi,Unsafe\Unsafe\unsafe-155.avi,24.3,True,30.0,150,5.0,1920,1080,worthy,
unsafe,unsafe-156.avi,Unsafe\Unsafe\unsafe-156.avi,23.54,True,30.0,150,5.0,1920,1080,worthy,
unsafe,unsafe-157.avi,Unsafe\Unsafe\unsafe-157.avi,23.42,True,30.0,150,5.0,1920,1080,worthy,
unsafe,unsafe-158.avi,Unsafe\Unsafe\unsafe-158.avi,23.7,True,30.0,150,5.0,1920,1080,worthy,
unsafe,unsafe-159.avi,Unsafe\Unsafe\unsafe-159.avi,8.75,True,30.0,150,5.0,1280,720,worthy,
unsafe,unsafe-160.avi,Unsafe\Unsafe\unsafe-160.avi,8.81,True,30.0,150,5.0,1280,720,worthy,
unsafe,unsafe-161.avi,Unsafe\Unsafe\unsafe-161.avi,8.88,True,30.0,150,5.0,1280,720,worthy,
unsafe,unsafe-162.avi,Unsafe\Unsafe\unsafe-162.avi,6.22,True,30.0,150,5.0,368,276,worthy,
unsafe,unsafe-163.avi,Unsafe\Unsafe\unsafe-163.avi,6.54,True,30.0,150,5.0,368,276,worthy,
unsafe,unsafe-164.avi,Unsafe\Unsafe\unsafe-164.avi,6.36,True,30.0,150,5.0,368,276,worthy,
unsafe,unsafe-165.avi,Unsafe\Unsafe\unsafe-165.avi,6.04,True,30.0,150,5.0,368,276,worthy,
unsafe,unsafe-166.avi,Unsafe\Unsafe\unsafe-166.avi,5.11,True,30.0,150,5.0,368,276,worthy,
unsafe,unsafe-167.avi,Unsafe\Unsafe\unsafe-167.avi,10.38,True,30.0,150,5.0,1920,1080,worthy,
unsafe,unsafe-168.avi,Unsafe\Unsafe\unsafe-168.avi,17.21,True,30.0,150,5.0,1280,720,worthy,
unsafe,unsafe-169.avi,Unsafe\Unsafe\unsafe-169.avi,16.3,True,30.0,150,5.0,1280,720,worthy,
unsafe,unsafe-170.avi,Unsafe\Unsafe\unsafe-170.avi,21.39,True,30.0,150,5.0,1280,720,worthy,
unsafe,unsafe-171.avi,Unsafe\Unsafe\unsafe-171.avi,21.09,True,30.0,150,5.0,1280,720,worthy,
unsafe,unsafe-172.avi,Unsafe\Unsafe\unsafe-172.avi,20.87,True,30.0,150,5.0,1280,720,worthy,
unsafe,unsafe-173.avi,Unsafe\Unsafe\unsafe-173.avi,19.13,True,30.0,150,5.0,1280,720,worthy,
unsafe,unsafe-174.avi,Unsafe\Unsafe\unsafe-174.avi,2.41,True,30.0,150,5.0,320,240,worthy,
unsafe,unsafe-175.avi,Unsafe\Unsafe\unsafe-175.avi,1.84,True,30.0,150,5.0,640,360,worthy,
unsafe,unsafe-176.avi,Unsafe\Unsafe\unsafe-176.avi,5.14,True,30.0,150,5.0,720,720,worthy,
unsafe,unsafe-177.avi,Unsafe\Unsafe\unsafe-177.avi,4.46,True,30.0,150,5.0,528,360,worthy,
unsafe,unsafe-178.avi,Unsafe\Unsafe\unsafe-178.avi,4.32,True,30.0,150,5.0,528,360,worthy,
unsafe,unsafe-179.avi,Unsafe\Unsafe\unsafe-179.avi,6.97,True,30.0,150,5.0,640,360,worthy,
unsafe,unsafe-180.avi,Unsafe\Unsafe\unsafe-180.avi,6.39,True,30.0,150,5.0,640,360,worthy,
unsafe,unsafe-181.avi,Unsafe\Unsafe\unsafe-181.avi,4.48,True,30.0,150,5.0,480,360,worthy,
unsafe,unsafe-182.avi,Unsafe\Unsafe\unsafe-182.avi,3.81,True,30.0,150,5.0,480,360,worthy,
unsafe,unsafe-183.avi,Unsafe\Unsafe\unsafe-183.avi,3.8,True,30.0,150,5.0,480,360,worthy,
unsafe,unsafe-184.avi,Unsafe\Unsafe\unsafe-184.avi,4.0,True,30.0,150,5.0,480,360,worthy,
unsafe,unsafe-185.avi,Unsafe\Unsafe\unsafe-185.avi,1.2,True,30.0,150,5.0,320,240,worthy,
unsafe,unsafe-186.avi,Unsafe\Unsafe\unsafe-186.avi,1.15,True,30.0,150,5.0,320,240,worthy,
unsafe,unsafe-187.avi,Unsafe\Unsafe\unsafe-187.avi,1.51,True,30.0,150,5.0,576,324,worthy,
unsafe,unsafe-188.avi,Unsafe\Unsafe\unsafe-188.avi,5.76,True,30.0,150,5.0,1280,720,worthy,
unsafe,unsafe-189.avi,Unsafe\Unsafe\unsafe-189.avi,2.83,True,30.0,150,5.0,640,354,worthy,
unsafe,unsafe-190.avi,Unsafe\Unsafe\unsafe-190.avi,2.79,True,30.0,150,5.0,640,354,worthy,
unsafe,unsafe-191.avi,Unsafe\Unsafe\unsafe-191.avi,2.75,True,30.0,150,5.0,640,354,worthy,
unsafe,unsafe-192.avi,Unsafe\Unsafe\unsafe-192.avi,9.13,True,30.0,150,5.0,1280,720,worthy,
unsafe,unsafe-193.avi,Unsafe\Unsafe\unsafe-193.avi,10.02,True,30.0,150,5.0,1280,720,worthy,
unsafe,unsafe-194.avi,Unsafe\Unsafe\unsafe-194.avi,15.52,True,30.0,150,5.0,1280,720,worthy,
unsafe,unsafe-195.avi,Unsafe\Unsafe\unsafe-195.avi,16.14,True,30.0,150,5.0,1280,720,worthy,
unsafe,unsafe-196.avi,Unsafe\Unsafe\unsafe-196.avi,16.58,True,30.0,150,5.0,1280,720,worthy,
unsafe,unsafe-197.avi,Unsafe\Unsafe\unsafe-197.avi,2.02,True,30.0,150,5.0,320,240,worthy,
unsafe,unsafe-198.avi,Unsafe\Unsafe\unsafe-198.avi,2.05,True,30.0,150,5.0,320,240,worthy,
unsafe,unsafe-199.avi,Unsafe\Unsafe\unsafe-199.avi,2.09,True,30.0,150,5.0,320,240,worthy,
unsafe,unsafe-200.avi,Unsafe\Unsafe\unsafe-200.avi,2.32,True,30.0,150,5.0,352,288,worthy,
unsafe,unsafe-201.avi,Unsafe\Unsafe\unsafe-201.avi,2.42,True,30.0,150,5.0,352,288,worthy,
unsafe,unsafe-202.avi,Unsafe\Unsafe\unsafe-202.avi,2.29,True,30.0,150,5.0,352,288,worthy,
unsafe,unsafe-203.avi,Unsafe\Unsafe\unsafe-203.avi,2.32,True,30.0,150,5.0,352,288,worthy,
unsafe,unsafe-204.avi,Unsafe\Unsafe\unsafe-204.avi,2.3,True,30.0,150,5.0,352,288,worthy,
unsafe,unsafe-205.avi,Unsafe\Unsafe\unsafe-205.avi,2.31,True,30.0,150,5.0,352,288,worthy,
unsafe,unsafe-206.avi,Unsafe\Unsafe\unsafe-206.avi,2.43,True,30.0,150,5.0,488,360,worthy,
unsafe,unsafe-207.avi,Unsafe\Unsafe\unsafe-207.avi,2.45,True,30.0,150,5.0,488,360,worthy,
unsafe,unsafe-208.avi,Unsafe\Unsafe\unsafe-208.avi,2.46,True,30.0,150,5.0,488,360,worthy,
unsafe,unsafe-209.avi,Unsafe\Unsafe\unsafe-209.avi,3.92,True,30.0,150,5.0,640,360,worthy,
unsafe,unsafe-210.avi,Unsafe\Unsafe\unsafe-210.avi,2.87,True,30.0,150,5.0,478,360,worthy,
unsafe,unsafe-211.avi,Unsafe\Unsafe\unsafe-211.avi,2.89,True,30.0,150,5.0,478,360,worthy,
unsafe,unsafe-212.avi,Unsafe\Unsafe\unsafe-212.avi,2.94,True,30.0,150,5.0,478,360,worthy,
unsafe,unsafe-213.avi,Unsafe\Unsafe\unsafe-213.avi,5.23,True,30.0,150,5.0,626,360,worthy,
unsafe,unsafe-214.avi,Unsafe\Unsafe\unsafe-214.avi,5.69,True,30.0,150,5.0,626,360,worthy,
unsafe,unsafe-215.avi,Unsafe\Unsafe\unsafe-215.avi,5.93,True,30.0,150,5.0,626,360,worthy,
unsafe,unsafe-216.avi,Unsafe\Unsafe\unsafe-216.avi,6.0,True,30.0,150,5.0,626,360,worthy,
unsafe,unsafe-217.avi,Unsafe\Unsafe\unsafe-217.avi,5.68,True,30.0,150,5.0,626,360,worthy,
unsafe,unsafe-219.avi,Unsafe\Unsafe\unsafe-219.avi,6.46,True,30.0,150,5.0,640,360,worthy,
unsafe,unsafe-220.avi,Unsafe\Unsafe\unsafe-220.avi,6.23,True,30.0,150,5.0,640,360,worthy,
unsafe,unsafe-221.avi,Unsafe\Unsafe\unsafe-221.avi,6.15,True,30.0,150,5.0,640,360,worthy,
unsafe,unsafe-222.avi,Unsafe\Unsafe\unsafe-222.avi,6.14,True,30.0,150,5.0,640,360,worthy,
unsafe,unsafe-223.avi,Unsafe\Unsafe\unsafe-223.avi,6.38,True,30.0,150,5.0,640,360,worthy,
unsafe,unsafe-224.avi,Unsafe\Unsafe\unsafe-224.avi,6.4,True,30.0,150,5.0,640,360,worthy,
unsafe,unsafe-225.avi,Unsafe\Unsafe\unsafe-225.avi,6.33,True,30.0,150,5.0,640,360,worthy,
unsafe,unsafe-226.avi,Unsafe\Unsafe\unsafe-226.avi,9.81,True,30.0,150,5.0,1280,720,worthy,
unsafe,unsafe-227.avi,Unsafe\Unsafe\unsafe-227.avi,2.69,True,30.0,150,5.0,426,240,worthy,
unsafe,unsafe-228.avi,Unsafe\Unsafe\unsafe-228.avi,2.76,True,30.0,150,5.0,426,240,worthy,
unsafe,unsafe-229.avi,Unsafe\Unsafe\unsafe-229.avi,2.21,True,30.0,150,5.0,320,240,worthy,
unsafe,unsafe-230.avi,Unsafe\Unsafe\unsafe-230.avi,2.85,True,30.0,150,5.0,320,240,worthy,
unsafe,unsafe-231.avi,Unsafe\Unsafe\unsafe-231.avi,2.89,True,30.0,150,5.0,320,240,worthy,
unsafe,unsafe-232.avi,Unsafe\Unsafe\unsafe-232.avi,2.9,True,30.0,150,5.0,320,240,worthy,
unsafe,unsafe-233.avi,Unsafe\Unsafe\unsafe-233.avi,2.93,True,30.0,150,5.0,320,240,worthy,
unsafe,unsafe-234.avi,Unsafe\Unsafe\unsafe-234.avi,2.93,True,30.0,150,5.0,320,240,worthy,
unsafe,unsafe-235.avi,Unsafe\Unsafe\unsafe-235.avi,1.68,True,30.0,150,5.0,320,240,worthy,
unsafe,unsafe-236.avi,Unsafe\Unsafe\unsafe-236.avi,1.69,True,30.0,150,5.0,320,240,worthy,
unsafe,unsafe-237.avi,Unsafe\Unsafe\unsafe-237.avi,1.76,True,30.0,150,5.0,320,240,worthy,
unsafe,unsafe-238.avi,Unsafe\Unsafe\unsafe-238.avi,1.79,True,30.0,150,5.0,320,240,worthy,
unsafe,unsafe-239.avi,Unsafe\Unsafe\unsafe-239.avi,4.13,True,30.0,150,5.0,636,360,worthy,
unsafe,unsafe-240.avi,Unsafe\Unsafe\unsafe-240.avi,14.53,True,30.0,150,5.0,1280,720,worthy,
unsafe,unsafe-241.avi,Unsafe\Unsafe\unsafe-241.avi,14.8,True,30.0,150,5.0,1280,720,worthy,
unsafe,unsafe-242.avi,Unsafe\Unsafe\unsafe-242.avi,14.55,True,30.0,150,5.0,1280,720,worthy,
unsafe,unsafe-243.avi,Unsafe\Unsafe\unsafe-243.avi,2.05,True,30.0,150,5.0,464,348,worthy,
unsafe,unsafe-244.avi,Unsafe\Unsafe\unsafe-244.avi,2.26,True,30.0,150,5.0,464,348,worthy,
unsafe,unsafe-245.avi,Unsafe\Unsafe\unsafe-245.avi,23.86,True,30.0,150,5.0,1280,720,worthy,
unsafe,unsafe-246.avi,Unsafe\Unsafe\unsafe-246.avi,24.94,True,30.0,150,5.0,1280,720,worthy,
unsafe,unsafe-247.avi,Unsafe\Unsafe\unsafe-247.avi,26.0,True,30.0,150,5.0,1280,720,worthy,
unsafe,unsafe-248.avi,Unsafe\Unsafe\unsafe-248.avi,1.1,True,30.0,150,5.0,320,240,worthy,
unsafe,unsafe-249.avi,Unsafe\Unsafe\unsafe-249.avi,1.07,True,30.0,150,5.0,320,240,worthy,
unsafe,unsafe-250.avi,Unsafe\Unsafe\unsafe-250.avi,1.05,True,30.0,150,5.0,320,240,worthy,
unsafe,unsafe-51.avi,Unsafe\Unsafe\unsafe-51.avi,2.23,True,30.0,150,5.0,398,224,worthy,
unsafe,unsafe-52.avi,Unsafe\Unsafe\unsafe-52.avi,1.27,True,30.0,150,5.0,398,224,worthy,
unsafe,unsafe-53.avi,Unsafe\Unsafe\unsafe-53.avi,1.29,True,30.0,150,5.0,398,224,worthy,
unsafe,unsafe-54.avi,Unsafe\Unsafe\unsafe-54.avi,1.27,True,30.0,150,5.0,398,224,worthy,
unsafe,unsafe-55.avi,Unsafe\Unsafe\unsafe-55.avi,1.31,True,30.0,150,5.0,398,224,worthy,
unsafe,unsafe-56.avi,Unsafe\Unsafe\unsafe-56.avi,1.39,True,30.0,150,5.0,398,224,worthy,
unsafe,unsafe-57.avi,Unsafe\Unsafe\unsafe-57.avi,1.31,True,30.0,150,5.0,398,224,worthy,
unsafe,unsafe-58.avi,Unsafe\Unsafe\unsafe-58.avi,1.29,True,30.0,150,5.0,398,224,worthy,
unsafe,unsafe-59.avi,Unsafe\Unsafe\unsafe-59.avi,1.44,True,30.0,150,5.0,398,224,worthy,
unsafe,unsafe-60.avi,Unsafe\Unsafe\unsafe-60.avi,1.78,True,30.0,150,5.0,398,224,worthy,
unsafe,unsafe-61.avi,Unsafe\Unsafe\unsafe-61.avi,1.53,True,30.0,150,5.0,398,224,worthy,
unsafe,unsafe-62.avi,Unsafe\Unsafe\unsafe-62.avi,1.42,True,30.0,150,5.0,398,224,worthy,
unsafe,unsafe-63.avi,Unsafe\Unsafe\unsafe-63.avi,2.83,True,30.0,150,5.0,480,360,worthy,
unsafe,unsafe-64.avi,Unsafe\Unsafe\unsafe-64.avi,2.49,True,30.0,150,5.0,480,360,worthy,
unsafe,unsafe-65.avi,Unsafe\Unsafe\unsafe-65.avi,28.24,True,30.0,150,5.0,1280,720,worthy,
unsafe,unsafe-66.avi,Unsafe\Unsafe\unsafe-66.avi,7.39,True,30.0,150,5.0,854,480,worthy,
unsafe,unsafe-67.avi,Unsafe\Unsafe\unsafe-67.avi,7.49,True,30.0,150,5.0,854,480,worthy,
unsafe,unsafe-68.avi,Unsafe\Unsafe\unsafe-68.avi,7.49,True,30.0,150,5.0,854,480,worthy,
unsafe,unsafe-69.avi,Unsafe\Unsafe\unsafe-69.avi,7.49,True,30.0,150,5.0,854,480,worthy,
unsafe,unsafe-70.avi,Unsafe\Unsafe\unsafe-70.avi,13.44,True,30.0,150,5.0,1920,1080,worthy,
unsafe,unsafe-71.avi,Unsafe\Unsafe\unsafe-71.avi,3.73,True,30.0,150,5.0,368,276,worthy,
unsafe,unsafe-72.avi,Unsafe\Unsafe\unsafe-72.avi,4.03,True,30.0,150,5.0,368,276,worthy,
unsafe,unsafe-73.avi,Unsafe\Unsafe\unsafe-73.avi,4.11,True,30.0,150,5.0,368,276,worthy,
unsafe,unsafe-74.avi,Unsafe\Unsafe\unsafe-74.avi,4.24,True,30.0,150,5.0,368,276,worthy,
unsafe,unsafe-75.avi,Unsafe\Unsafe\unsafe-75.avi,4.08,True,30.0,150,5.0,480,272,worthy,
unsafe,unsafe-76.avi,Unsafe\Unsafe\unsafe-76.avi,3.74,True,30.0,150,5.0,480,272,worthy,
unsafe,unsafe-77.avi,Unsafe\Unsafe\unsafe-77.avi,3.74,True,30.0,150,5.0,480,272,worthy,
unsafe,unsafe-78.avi,Unsafe\Unsafe\unsafe-78.avi,1.95,True,30.0,150,5.0,512,288,worthy,
unsafe,unsafe-79.avi,Unsafe\Unsafe\unsafe-79.avi,8.6,True,30.0,150,5.0,848,480,worthy,
unsafe,unsafe-80.avi,Unsafe\Unsafe\unsafe-80.avi,9.1,True,30.0,150,5.0,1280,720,worthy,
unsafe,unsafe-81.avi,Unsafe\Unsafe\unsafe-81.avi,9.07,True,30.0,150,5.0,1280,720,worthy,
unsafe,unsafe-82.avi,Unsafe\Unsafe\unsafe-82.avi,9.25,True,30.0,150,5.0,1280,720,worthy,
unsafe,unsafe-83.avi,Unsafe\Unsafe\unsafe-83.avi,9.23,True,30.0,150,5.0,1280,720,worthy,
unsafe,unsafe-84.avi,Unsafe\Unsafe\unsafe-84.avi,9.04,True,30.0,150,5.0,1280,720,worthy,
unsafe,unsafe-85.avi,Unsafe\Unsafe\unsafe-85.avi,8.87,True,30.0,150,5.0,1280,720,worthy,
unsafe,unsafe-86.avi,Unsafe\Unsafe\unsafe-86.avi,9.05,True,30.0,150,5.0,1280,720,worthy,
unsafe,unsafe-87.avi,Unsafe\Unsafe\unsafe-87.avi,8.36,True,30.0,150,5.0,1280,720,worthy,
unsafe,unsafe-88.avi,Unsafe\Unsafe\unsafe-88.avi,6.94,True,30.0,150,5.0,1280,720,worthy,
unsafe,unsafe-89.avi,Unsafe\Unsafe\unsafe-89.avi,2.15,True,30.0,150,5.0,320,240,worthy,
unsafe,unsafe-90.avi,Unsafe\Unsafe\unsafe-90.avi,2.1,True,30.0,150,5.0,320,240,worthy,
unsafe,unsafe-91.avi,Unsafe\Unsafe\unsafe-91.avi,1.99,True,30.0,150,5.0,320,240,worthy,
unsafe,unsafe-92.avi,Unsafe\Unsafe\unsafe-92.avi,2.01,True,30.0,150,5.0,320,240,worthy,
unsafe,unsafe-93.avi,Unsafe\Unsafe\unsafe-93.avi,3.67,True,30.0,150,5.0,636,360,worthy,
unsafe,unsafe-94.avi,Unsafe\Unsafe\unsafe-94.avi,3.84,True,30.0,150,5.0,636,360,worthy,
unsafe,unsafe-95.avi,Unsafe\Unsafe\unsafe-95.avi,2.75,True,30.0,150,5.0,640,360,worthy,
unsafe,unsafe-96.avi,Unsafe\Unsafe\unsafe-96.avi,5.71,True,30.0,150,5.0,1280,720,worthy,
unsafe,unsafe-97.avi,Unsafe\Unsafe\unsafe-97.avi,9.5,True,30.0,150,5.0,1280,720,worthy,
unsafe,unsafe-98.avi,Unsafe\Unsafe\unsafe-98.avi,8.97,True,30.0,150,5.0,1280,720,worthy,
unsafe,unsafe-99.avi,Unsafe\Unsafe\unsafe-99.avi,8.97,True,30.0,150,5.0,1280,720,worthy,
unsafe,unsafe_01.mp4,Unsafe\Unsafe\unsafe_01.mp4,28.62,True,29.97,1280,42.71,1920,1080,worthy,
unsafe,unsafe_02.mp4,Unsafe\Unsafe\unsafe_02.mp4,20.55,True,29.97,1850,61.73,1280,720,worthy,
unsafe,unsafe_03.mp4,Unsafe\Unsafe\unsafe_03.mp4,61.75,True,25.0,619,24.76,4096,2160,worthy,
unsafe,unsafe_04.mp4,Unsafe\Unsafe\unsafe_04.mp4,54.58,True,25.0,810,32.4,3840,2160,worthy,
unsafe,unsafe_05.mp4,Unsafe\Unsafe\unsafe_05.mp4,25.32,True,25.0,263,10.52,2160,3840,worthy,
unsafe,unsafe_06.mp4,Unsafe\Unsafe\unsafe_06.mp4,26.51,True,25.0,320,12.8,2160,3840,worthy,
unsafe,unsafe_07.mp4,Unsafe\Unsafe\unsafe_07.mp4,81.66,True,25.0,816,32.64,2160,4096,worthy,
unsafe,unsafe_08.mp4,Unsafe\Unsafe\unsafe_08.mp4,43.95,True,25.0,421,16.84,2160,4096,worthy,
unsafe,unsafe_11.mp4,Unsafe\Unsafe\unsafe_11.mp4,48.68,True,25.0,343,13.72,3840,2160,worthy,
unsafe,unsafe_12.mp4,Unsafe\Unsafe\unsafe_12.mp4,10.37,True,25.0,395,15.8,1080,1920,worthy,
unsafe,unsafe_13.mp4,Unsafe\Unsafe\unsafe_13.mp4,25.79,True,25.0,1202,48.08,1920,1080,worthy,
unsafe,unsafe_14.mp4,Unsafe\Unsafe\unsafe_14.mp4,39.71,True,25.0,276,11.04,3840,2160,worthy,
unsafe,unsafe_15.mp4,Unsafe\Unsafe\unsafe_15.mp4,11.46,True,23.98,200,8.34,1440,2560,worthy,
unsafe,unsafe_16.mp4,Unsafe\Unsafe\unsafe_16.mp4,32.05,True,23.98,288,12.01,2160,3840,worthy,
unsafe,unsafe_17.mp4,Unsafe\Unsafe\unsafe_17.mp4,23.41,True,23.98,240,10.01,2160,3840,worthy,
unsafe,unsafe_18.mp4,Unsafe\Unsafe\unsafe_18.mp4,27.63,True,23.98,240,10.01,2160,3840,worthy,
unsafe,unsafe_19.mp4,Unsafe\Unsafe\unsafe_19.mp4,27.71,True,23.98,240,10.01,2160,3840,worthy,
unsafe,unsafe_20.mp4,Unsafe\Unsafe\unsafe_20.mp4,28.83,True,23.98,264,11.01,2160,3840,worthy,
unsafe,unsafe_21.mp4,Unsafe\Unsafe\unsafe_21.mp4,27.11,True,23.98,240,10.01,2160,3840,worthy,
unsafe,unsafe_22.mp4,Unsafe\Unsafe\unsafe_22.mp4,6.81,True,25.0,293,11.72,1080,1920,worthy,
unsafe,unsafe_23.mp4,Unsafe\Unsafe\unsafe_23.mp4,7.62,True,25.0,354,14.16,1080,1920,worthy,
unsafe,unsafe_24.mp4,Unsafe\Unsafe\unsafe_24.mp4,5.8,True,25.0,285,11.4,1080,1920,worthy,
unsafe,unsafe_25.mp4,Unsafe\Unsafe\unsafe_25.mp4,8.9,True,30.0,469,15.63,1080,1920,worthy,
unsafe,unsafe_26.mp4,Unsafe\Unsafe\unsafe_26.mp4,7.96,True,25.0,346,13.84,1920,1080,worthy,
unsafe,unsafe_27.mp4,Unsafe\Unsafe\unsafe_27.mp4,22.71,True,23.98,240,10.01,2160,3840,worthy,
unsafe,unsafe_28.mp4,Unsafe\Unsafe\unsafe_28.mp4,23.39,True,23.98,240,10.01,2160,3840,worthy,
unsafe,unsafe_29.mp4,Unsafe\Unsafe\unsafe_29.mp4,22.21,True,23.98,240,10.01,2160,3840,worthy,
unsafe,unsafe_30.mp4,Unsafe\Unsafe\unsafe_30.mp4,28.39,True,23.98,240,10.01,2160,3840,worthy,
unsafe,unsafe_31.mp4,Unsafe\Unsafe\unsafe_31.mp4,22.84,True,23.98,240,10.01,2160,3840,worthy,
unsafe,unsafe_32.mp4,Unsafe\Unsafe\unsafe_32.mp4,5.08,True,29.97,246,8.21,1920,1080,worthy,
unsafe,unsafe_33.mp4,Unsafe\Unsafe\unsafe_33.mp4,51.8,True,25.0,561,22.44,4096,2160,worthy,
unsafe,unsafe_34.mp4,Unsafe\Unsafe\unsafe_34.mp4,5.72,True,25.0,312,12.48,1080,1920,worthy,
unsafe,unsafe_35.mp4,Unsafe\Unsafe\unsafe_35.mp4,7.94,True,25.0,366,14.64,1920,1080,worthy,
unsafe,unsafe_36.mp4,Unsafe\Unsafe\unsafe_36.mp4,5.93,True,25.0,356,14.24,1920,1080,worthy,
unsafe,unsafe_37.mp4,Unsafe\Unsafe\unsafe_37.mp4,30.46,True,25.0,590,23.6,2160,4096,worthy,
unsafe,unsafe_38.mp4,Unsafe\Unsafe\unsafe_38.mp4,12.96,True,23.98,216,9.01,1440,2560,worthy,
unsafe,unsafe_39.mp4,Unsafe\Unsafe\unsafe_39.mp4,7.24,True,29.97,334,11.14,1080,1920,worthy,
unsafe,unsafe_40.mp4,Unsafe\Unsafe\unsafe_40.mp4,4.93,True,29.97,238,7.94,1080,1920,worthy,
unsafe,unsafe_41.mp4,Unsafe\Unsafe\unsafe_41.mp4,9.9,True,29.97,427,14.25,1080,1920,worthy,
unsafe,unsafe_42.mp4,Unsafe\Unsafe\unsafe_42.mp4,39.13,True,25.0,515,20.6,2160,3840,worthy,
unsafe,unsafe_43.mp4,Unsafe\Unsafe\unsafe_43.mp4,5.75,True,30.0,275,9.17,1920,1080,worthy,
unsafe,unsafe_44.mp4,Unsafe\Unsafe\unsafe_44.mp4,29.28,True,23.98,264,11.01,2160,3840,worthy,
unsafe,unsafe_45.mp4,Unsafe\Unsafe\unsafe_45.mp4,6.77,True,25.0,315,12.6,1920,1080,worthy,
unsafe,unsafe_46.mp4,Unsafe\Unsafe\unsafe_46.mp4,14.88,True,25.0,358,14.32,4096,2160,worthy,
unsafe,unsafe_47.mp4,Unsafe\Unsafe\unsafe_47.mp4,40.34,True,25.0,457,18.28,2160,4096,worthy,
unsafe,unsafe_48.mp4,Unsafe\Unsafe\unsafe_48.mp4,12.8,True,30.0,541,18.03,1920,1080,worthy,
unsafe,unsafe_49.mp4,Unsafe\Unsafe\unsafe_49.mp4,6.8,True,29.97,334,11.14,1920,1080,worthy,
unsafe,unsafe_50.mp4,Unsafe\Unsafe\unsafe_50.mp4,6.93,True,29.97,336,11.21,1920,1080,worthy,
