feature,dtype,missing_values,min,max,mean,same_dimension_proof
frames_sampled,int64,0,2.0,120.0,11.766599597585513,one scalar value per video
video_fps,float64,0,23.98,120.0,31.20682092555332,one scalar value per video
video_duration_seconds,float64,0,1.97,120.12,11.561629778672032,one scalar value per video
edge_texture_feature_001,float64,0,0.023724707,4.880410671,0.7513015374969819,one scalar value per video
edge_texture_feature_002,float64,0,0.04429793,6.504568577,1.7805098625633802,one scalar value per video
edge_texture_feature_003,float64,0,0.029736524,5.209263802,1.3352314157323943,one scalar value per video
edge_texture_feature_004,float64,0,0.018340524,3.35230875,0.87618076283501,one scalar value per video
edge_texture_feature_005,float64,0,0.015718278,3.461720228,0.800921142806841,one scalar value per video
edge_texture_feature_006,float64,0,0.000192979,2.798096657,0.6922902745110664,one scalar value per video
edge_texture_feature_007,float64,0,0.000498129,3.232882023,0.7298009689859154,one scalar value per video
edge_texture_feature_008,float64,0,0.0,6.947208881,0.872189436641851,one scalar value per video
edge_texture_feature_009,float64,0,0.00484348,3.299446583,0.6132506053983903,one scalar value per video
edge_texture_feature_010,float64,0,0.000839331,4.27003479,1.0639077990462777,one scalar value per video
edge_texture_feature_011,float64,0,0.007431303,3.002078533,0.8347853257464788,one scalar value per video
edge_texture_feature_012,float64,0,0.003951072,3.002378702,0.7016088027082494,one scalar value per video
edge_texture_feature_013,float64,0,0.008409925,2.468449116,0.5553680201006037,one scalar value per video
edge_texture_feature_014,float64,0,0.007796218,3.012549162,0.7055283669657947,one scalar value per video
edge_texture_feature_015,float64,0,0.009518188,3.057727814,0.6817073268591549,one scalar value per video
edge_texture_feature_016,float64,0,0.000798891,10.33057213,1.1697881395251508,one scalar value per video
edge_texture_feature_017,float64,0,0.002348299,4.473435402,0.8115940579839035,one scalar value per video
edge_texture_feature_018,float64,0,0.001621613,4.713519096,0.959205585780684,one scalar value per video
edge_texture_feature_019,float64,0,0.000529607,3.054401636,0.6716018115714286,one scalar value per video
edge_texture_feature_020,float64,0,0.001877331,5.922736168,0.933402686028169,one scalar value per video
edge_texture_feature_021,float64,0,0.001946225,2.777055025,0.4498178156981891,one scalar value per video
edge_texture_feature_022,float64,0,0.006004658,3.529726744,0.8775712791227365,one scalar value per video
edge_texture_feature_023,float64,0,0.000437838,3.102561235,0.9967693059899397,one scalar value per video
edge_texture_feature_024,float64,0,0.141081437,6.184979439,2.0824624208732394,one scalar value per video
edge_texture_feature_025,float64,0,0.000476056,3.690805197,0.6224442563018109,one scalar value per video
edge_texture_feature_026,float64,0,0.00091358,4.705402374,0.7541258722173039,one scalar value per video
edge_texture_feature_027,float64,0,0.001355324,3.663883209,0.5882907972957746,one scalar value per video
edge_texture_feature_028,float64,0,0.0,4.623022556,1.037423167668008,one scalar value per video
edge_texture_feature_029,float64,0,0.001221988,2.927849531,0.3766892473299798,one scalar value per video
edge_texture_feature_030,float64,0,0.030270539,5.112310886,0.9880680196519115,one scalar value per video
edge_texture_feature_031,float64,0,0.0,3.151569843,0.9107493819074446,one scalar value per video
edge_texture_feature_032,float64,0,0.001753176,3.152934313,0.668628911197183,one scalar value per video
edge_texture_feature_033,float64,0,0.0,6.11380434,0.8319311739456742,one scalar value per video
edge_texture_feature_034,float64,0,0.002156677,2.854333639,0.68742809671831,one scalar value per video
edge_texture_feature_035,float64,0,0.0,3.250936031,0.9657300733802816,one scalar value per video
edge_texture_feature_036,float64,0,0.0,2.595231295,0.6427547781891348,one scalar value per video
edge_texture_feature_037,float64,0,0.001909259,5.595250607,1.654187748921529,one scalar value per video
edge_texture_feature_038,float64,0,0.007222513,3.344401836,0.769493312416499,one scalar value per video
edge_texture_feature_039,float64,0,0.014748861,5.581142426,0.9043515941207243,one scalar value per video
edge_texture_feature_040,float64,0,0.003611436,5.583074093,0.9147077990503018,one scalar value per video
edge_texture_feature_041,float64,0,0.01066186,2.626382113,0.6680626227384306,one scalar value per video
edge_texture_feature_042,float64,0,0.01502618,4.228028774,0.9354549000301812,one scalar value per video
edge_texture_feature_043,float64,0,0.005581315,2.597298622,0.7519605981227365,one scalar value per video
edge_texture_feature_044,float64,0,0.005635393,2.946874619,0.6534310744849094,one scalar value per video
edge_texture_feature_045,float64,0,0.0,5.525832176,0.9171935630160966,one scalar value per video
edge_texture_feature_046,float64,0,0.010280969,3.090147018,0.8421124375855131,one scalar value per video
edge_texture_feature_047,float64,0,0.002496203,3.507187366,0.6224506353179075,one scalar value per video
edge_texture_feature_048,float64,0,0.0,4.849976063,0.9309513655613681,one scalar value per video
edge_texture_feature_049,float64,0,0.010026267,3.971078396,0.8547177593380283,one scalar value per video
edge_texture_feature_050,float64,0,0.0,4.216264725,0.5299702807364185,one scalar value per video
edge_texture_feature_051,float64,0,0.000517328,3.695912838,0.9892088111146881,one scalar value per video
edge_texture_feature_052,float64,0,0.064011596,4.497531891,1.0879755973460765,one scalar value per video
edge_texture_feature_053,float64,0,0.006108068,4.346609116,0.7879457643078471,one scalar value per video
edge_texture_feature_054,float64,0,0.0108453,3.208419561,0.7860880825573441,one scalar value per video
edge_texture_feature_055,float64,0,0.004002855,3.378259897,0.6738123554486921,one scalar value per video
edge_texture_feature_056,float64,0,0.016475154,2.707340002,0.9255846865553319,one scalar value per video
edge_texture_feature_057,float64,0,0.013698803,5.499367237,1.292433166692153,one scalar value per video
edge_texture_feature_058,float64,0,0.00089911,4.463186741,0.6944218838913482,one scalar value per video
edge_texture_feature_059,float64,0,0.021389235,3.879307985,1.154383342414487,one scalar value per video
edge_texture_feature_060,float64,0,0.001495598,3.969548702,0.7909969680482897,one scalar value per video
edge_texture_feature_061,float64,0,0.000180697,2.602235079,0.4327112885130785,one scalar value per video
edge_texture_feature_062,float64,0,0.0,8.726237297,0.5918165778209256,one scalar value per video
edge_texture_feature_063,float64,0,0.000423197,3.630015373,1.1289996848853119,one scalar value per video
edge_texture_feature_064,float64,0,0.013315955,2.3958745,0.6843833737283703,one scalar value per video
edge_texture_feature_065,float64,0,0.005790684,2.659199953,0.7321504460583501,one scalar value per video
edge_texture_feature_066,float64,0,0.014816443,4.474120617,0.9076845466619718,one scalar value per video
edge_texture_feature_067,float64,0,0.002262359,5.189990997,1.3867373660382296,one scalar value per video
edge_texture_feature_068,float64,0,0.000153219,6.655864239,0.5915530823722334,one scalar value per video
edge_texture_feature_069,float64,0,0.018817972,5.750833511,0.8740767985130785,one scalar value per video
edge_texture_feature_070,float64,0,0.010286517,2.483411312,0.599410997358149,one scalar value per video
edge_texture_feature_071,float64,0,0.00296624,2.365153551,0.6380954468551309,one scalar value per video
edge_texture_feature_072,float64,0,0.010512944,3.427264929,0.8003743638108652,one scalar value per video
edge_texture_feature_073,float64,0,0.02945089,4.108468533,0.8833596033501007,one scalar value per video
edge_texture_feature_074,float64,0,0.0,3.107222795,0.49425046612474843,one scalar value per video
edge_texture_feature_075,float64,0,0.000851391,3.282737017,0.7087241168752515,one scalar value per video
edge_texture_feature_076,float64,0,0.001969868,4.028753281,1.0012448070724347,one scalar value per video
edge_texture_feature_077,float64,0,0.009098658,5.123303413,0.5676085943863179,one scalar value per video
edge_texture_feature_078,float64,0,5.12e-05,2.727983236,0.777153525386318,one scalar value per video
edge_texture_feature_079,float64,0,0.004919486,3.421048641,0.5142472593561367,one scalar value per video
edge_texture_feature_080,float64,0,0.022092748,4.724902153,0.9355478436317908,one scalar value per video
edge_texture_feature_081,float64,0,0.000482095,2.648182154,0.6308884931287727,one scalar value per video
edge_texture_feature_082,float64,0,0.012207601,4.208994865,1.244861427080483,one scalar value per video
edge_texture_feature_083,float64,0,0.051714759,3.271614075,0.8431502851468813,one scalar value per video
edge_texture_feature_084,float64,0,0.000153688,5.700393677,1.3368292198350098,one scalar value per video
edge_texture_feature_085,float64,0,0.007979315,3.301349878,0.8882323156841045,one scalar value per video
edge_texture_feature_086,float64,0,0.013567398,3.824284315,0.7724121601730383,one scalar value per video
edge_texture_feature_087,float64,0,0.002210368,2.689086437,0.4953202046800805,one scalar value per video
edge_texture_feature_088,float64,0,0.0116403,2.748875618,0.6344935284245473,one scalar value per video
edge_texture_feature_089,float64,0,0.001462507,5.985838413,1.5784849118410464,one scalar value per video
edge_texture_feature_090,float64,0,0.004042818,6.07973671,1.1966485978350099,one scalar value per video
edge_texture_feature_091,float64,0,0.011349819,3.750933886,0.7225247688169014,one scalar value per video
edge_texture_feature_092,float64,0,0.004087914,3.127080679,0.6711135845231389,one scalar value per video
edge_texture_feature_093,float64,0,0.005807654,3.119531155,0.8225901692032194,one scalar value per video
edge_texture_feature_094,float64,0,0.0,5.003743649,0.6630627985653924,one scalar value per video
edge_texture_feature_095,float64,0,0.004801794,5.715932846,0.8573360681146882,one scalar value per video
edge_texture_feature_096,float64,0,0.002744663,3.483183861,0.5866611422676057,one scalar value per video
edge_texture_feature_097,float64,0,0.011117063,3.575001955,1.0523898457545273,one scalar value per video
edge_texture_feature_098,float64,0,0.001277981,6.458817482,1.570188462885312,one scalar value per video
edge_texture_feature_099,float64,0,0.003654829,3.448894024,0.8451432876398389,one scalar value per video
edge_texture_feature_100,float64,0,0.009491542,3.554135323,0.8458147411368209,one scalar value per video
edge_texture_feature_101,float64,0,0.00274878,4.665861607,0.5467373729094567,one scalar value per video
edge_texture_feature_102,float64,0,0.004090299,4.94422245,0.8532833262535212,one scalar value per video
edge_texture_feature_103,float64,0,0.009191805,3.2545681,0.9746910296800806,one scalar value per video
edge_texture_feature_104,float64,0,5.51e-05,4.691459179,0.7968873908249496,one scalar value per video
edge_texture_feature_105,float64,0,0.012590763,2.94953084,0.8425270204104628,one scalar value per video
edge_texture_feature_106,float64,0,0.006529011,3.477648973,0.832386134360161,one scalar value per video
edge_texture_feature_107,float64,0,0.0,3.390494585,0.642076189696177,one scalar value per video
edge_texture_feature_108,float64,0,0.000189852,3.104649544,0.5242038490643864,one scalar value per video
edge_texture_feature_109,float64,0,0.010380372,3.139220476,0.8488313506981892,one scalar value per video
edge_texture_feature_110,float64,0,0.010703155,3.979176283,1.0980744295311873,one scalar value per video
edge_texture_feature_111,float64,0,0.007741473,4.966222286,1.4224471581448692,one scalar value per video
edge_texture_feature_112,float64,0,0.049114034,7.022381783,1.0457550222957748,one scalar value per video
edge_texture_feature_113,float64,0,0.009451194,4.695917606,1.025759769863179,one scalar value per video
edge_texture_feature_114,float64,0,0.00011777,4.484256268,1.1228312127967808,one scalar value per video
edge_texture_feature_115,float64,0,0.0,5.260072231,1.2301450028732392,one scalar value per video
edge_texture_feature_116,float64,0,0.0,5.025172234,1.261396847002012,one scalar value per video
edge_texture_feature_117,float64,0,0.000226589,4.790462971,1.1304673264084508,one scalar value per video
edge_texture_feature_118,float64,0,0.0,3.516513824,0.6345030549798792,one scalar value per video
edge_texture_feature_119,float64,0,0.000271749,3.29033637,0.5903830195150905,one scalar value per video
edge_texture_feature_120,float64,0,0.013461092,3.090260267,0.7045469755110664,one scalar value per video
edge_texture_feature_121,float64,0,0.013532887,4.093518734,0.7647703113762576,one scalar value per video
edge_texture_feature_122,float64,0,0.0,3.925490618,1.0705646780905433,one scalar value per video
edge_texture_feature_123,float64,0,0.005364359,3.783831358,0.7955175613983904,one scalar value per video
edge_texture_feature_124,float64,0,0.015228944,3.855314016,0.8908809772454728,one scalar value per video
edge_texture_feature_125,float64,0,0.002085144,4.08634901,0.7646520249698189,one scalar value per video
edge_texture_feature_126,float64,0,0.001970282,4.233604908,0.7356130201468813,one scalar value per video
edge_texture_feature_127,float64,0,0.012283508,3.18235898,0.7742811488993963,one scalar value per video
edge_texture_feature_128,float64,0,0.009868773,3.48732543,0.9235994244305835,one scalar value per video
object_body_feature_001,float64,0,0.000117896,3.440901995,0.8388806277625754,one scalar value per video
object_body_feature_002,float64,0,0.0,2.472504139,0.681536229249497,one scalar value per video
object_body_feature_003,float64,0,0.002574645,3.440599442,0.8358584659879276,one scalar value per video
object_body_feature_004,float64,0,0.018290944,4.181233406,0.8143877455955735,one scalar value per video
object_body_feature_005,float64,0,0.0,2.775928974,0.6302343083460764,one scalar value per video
object_body_feature_006,float64,0,0.005865666,2.97071147,0.7313177770020121,one scalar value per video
object_body_feature_007,float64,0,0.000948553,6.365112305,1.075371550334004,one scalar value per video
object_body_feature_008,float64,0,0.004696979,6.405049801,1.3290481539315895,one scalar value per video
object_body_feature_009,float64,0,0.002809533,2.167910814,0.4087017085030181,one scalar value per video
object_body_feature_010,float64,0,0.005865945,2.909917831,0.7909691302173038,one scalar value per video
object_body_feature_011,float64,0,0.006933359,3.298983574,0.7957284565432595,one scalar value per video
object_body_feature_012,float64,0,0.000169375,3.130718231,0.5303168832293762,one scalar value per video
object_body_feature_013,float64,0,0.000319658,3.100284576,0.730577697832998,one scalar value per video
object_body_feature_014,float64,0,0.003627072,4.011006355,0.582831718219316,one scalar value per video
object_body_feature_015,float64,0,0.0,4.086383343,0.9162635293521127,one scalar value per video
object_body_feature_016,float64,0,0.014068807,4.117124081,1.0311614438490946,one scalar value per video
object_body_feature_017,float64,0,0.005327261,2.736405134,0.8002172043018109,one scalar value per video
object_body_feature_018,float64,0,0.003055071,3.602039814,0.7506411919195172,one scalar value per video
object_body_feature_019,float64,0,0.001695173,2.093830109,0.49743284097786716,one scalar value per video
object_body_feature_020,float64,0,0.007917813,4.340559959,0.8828129457625754,one scalar value per video
object_body_feature_021,float64,0,0.006843762,3.153838158,0.7128675436680081,one scalar value per video
object_body_feature_022,float64,0,0.008289914,8.018185616,1.1677614970120724,one scalar value per video
object_body_feature_023,float64,0,0.023091871,2.936194658,0.9471942582374245,one scalar value per video
object_body_feature_024,float64,0,0.005391669,2.700262785,0.7418976357484909,one scalar value per video
object_body_feature_025,float64,0,0.0098247,3.937074184,1.084112363887324,one scalar value per video
object_body_feature_026,float64,0,0.000611672,2.924162149,0.565181551162978,one scalar value per video
object_body_feature_027,float64,0,0.009693179,6.525222778,1.0985148059859156,one scalar value per video
object_body_feature_028,float64,0,0.004143897,2.638816118,0.5518304437444667,one scalar value per video
object_body_feature_029,float64,0,0.010212723,2.775117636,0.7925275649074447,one scalar value per video
object_body_feature_030,float64,0,0.018576674,4.055199146,0.844733452110664,one scalar value per video
object_body_feature_031,float64,0,0.00284262,2.151266098,0.4627725512535211,one scalar value per video
object_body_feature_032,float64,0,0.00384194,2.79713583,0.7673343464688129,one scalar value per video
object_body_feature_033,float64,0,0.015067691,6.094946861,1.3386907767344063,one scalar value per video
object_body_feature_034,float64,0,0.000814358,3.903680086,0.7388303654486922,one scalar value per video
object_body_feature_035,float64,0,0.008410141,2.43057704,0.6978529608370222,one scalar value per video
object_body_feature_036,float64,0,0.004699096,6.001906872,2.0838467335392354,one scalar value per video
object_body_feature_037,float64,0,7.89e-05,4.438265324,0.8053807748450704,one scalar value per video
object_body_feature_038,float64,0,0.011751178,3.581794739,0.6264867122273641,one scalar value per video
object_body_feature_039,float64,0,0.005555172,5.341223717,0.9237966375553319,one scalar value per video
object_body_feature_040,float64,0,0.002931358,3.025476933,0.6187187727263581,one scalar value per video
object_body_feature_041,float64,0,0.007170033,5.106153011,0.9272570161730381,one scalar value per video
object_body_feature_042,float64,0,0.000270183,6.163387775,0.6161719190080484,one scalar value per video
object_body_feature_043,float64,0,0.010464067,2.871532917,0.7733518438450705,one scalar value per video
object_body_feature_044,float64,0,0.001469911,3.336493492,0.5546944048350101,one scalar value per video
object_body_feature_045,float64,0,0.000687819,3.297491789,0.9083926807545271,one scalar value per video
object_body_feature_046,float64,0,6.03e-05,2.083856821,0.4208752840945674,one scalar value per video
object_body_feature_047,float64,0,0.041698974,5.164444923,1.3273878311851106,one scalar value per video
object_body_feature_048,float64,0,0.00138661,3.753938198,1.174285676199195,one scalar value per video
object_body_feature_049,float64,0,0.0,4.261271954,0.8525526661629779,one scalar value per video
object_body_feature_050,float64,0,0.000516948,3.113632679,0.7634552281187122,one scalar value per video
object_body_feature_051,float64,0,0.000733184,4.038162231,0.6688576940523139,one scalar value per video
object_body_feature_052,float64,0,0.0,2.632237673,0.5357977471750504,one scalar value per video
object_body_feature_053,float64,0,3.35e-05,3.062101841,0.4722893616639839,one scalar value per video
object_body_feature_054,float64,0,6.78e-06,3.474581957,0.7199393043722333,one scalar value per video
object_body_feature_055,float64,0,0.002369683,5.87012434,1.2931730219496982,one scalar value per video
object_body_feature_056,float64,0,0.034663796,4.006977081,1.1105317899919516,one scalar value per video
object_body_feature_057,float64,0,0.015010994,6.124081612,1.672917262770624,one scalar value per video
object_body_feature_058,float64,0,0.000341512,2.644613504,0.5825755894929578,one scalar value per video
object_body_feature_059,float64,0,0.000646963,3.197848082,0.6808350778189135,one scalar value per video
object_body_feature_060,float64,0,0.006222052,3.160387278,0.8087011355150905,one scalar value per video
object_body_feature_061,float64,0,0.001802697,6.307407856,0.5963511495553319,one scalar value per video
object_body_feature_062,float64,0,0.025591183,3.391541004,0.8728939105432595,one scalar value per video
object_body_feature_063,float64,0,0.0162958,4.518576145,0.9510258571026157,one scalar value per video
object_body_feature_064,float64,0,0.0,3.50777483,0.48085442878873236,one scalar value per video
object_body_feature_065,float64,0,9.21e-05,5.690141201,1.3270163798289736,one scalar value per video
object_body_feature_066,float64,0,0.007554769,4.401852608,1.2538388697183098,one scalar value per video
object_body_feature_067,float64,0,0.011550268,5.023087502,1.260646697299799,one scalar value per video
object_body_feature_068,float64,0,0.006544975,5.189657211,0.8410525198028169,one scalar value per video
object_body_feature_069,float64,0,0.0,2.984893799,0.750006333442656,one scalar value per video
object_body_feature_070,float64,0,0.034023039,6.489728451,0.9418262473641852,one scalar value per video
object_body_feature_071,float64,0,0.0,5.547128201,0.8658625050362173,one scalar value per video
object_body_feature_072,float64,0,0.00864925,5.978364944,1.5911670002575453,one scalar value per video
object_body_feature_073,float64,0,0.000699001,4.336915016,0.774157194808853,one scalar value per video
object_body_feature_074,float64,0,0.013998216,6.257559776,1.196256494551308,one scalar value per video
object_body_feature_075,float64,0,0.004088952,4.085866451,0.6032229368108653,one scalar value per video
object_body_feature_076,float64,0,0.005124245,2.732249498,0.6573755155492957,one scalar value per video
object_body_feature_077,float64,0,0.010689043,5.102921963,0.7562027587062374,one scalar value per video
object_body_feature_078,float64,0,0.006630178,5.181518555,0.9847949854225353,one scalar value per video
object_body_feature_079,float64,0,0.003203336,3.250066042,0.72752560577666,one scalar value per video
object_body_feature_080,float64,0,0.004840235,3.451489449,0.852316361583501,one scalar value per video
object_body_feature_081,float64,0,0.013233571,3.101226091,0.6074576177686116,one scalar value per video
object_body_feature_082,float64,0,0.003310972,3.438127995,0.7111629780422535,one scalar value per video
object_body_feature_083,float64,0,0.0,2.107116699,0.5183651968752514,one scalar value per video
object_body_feature_084,float64,0,0.0,2.99386549,0.676574178503018,one scalar value per video
object_body_feature_085,float64,0,0.017672997,6.072392464,0.9124673922072435,one scalar value per video
object_body_feature_086,float64,0,0.028762866,5.320465088,1.2643276833742456,one scalar value per video
object_body_feature_087,float64,0,0.00364681,3.887844563,0.7904136385452716,one scalar value per video
object_body_feature_088,float64,0,0.013346095,2.805779934,0.5708232284386318,one scalar value per video
object_body_feature_089,float64,0,0.011490732,6.248889923,0.8904400099718309,one scalar value per video
object_body_feature_090,float64,0,0.002878914,3.008316517,0.7360367942977867,one scalar value per video
object_body_feature_091,float64,0,0.013401587,2.649885654,0.6470349178128773,one scalar value per video
object_body_feature_092,float64,0,0.005393582,3.602749348,0.7816548634044266,one scalar value per video
object_body_feature_093,float64,0,0.005355552,3.385917425,0.7267497363299799,one scalar value per video
object_body_feature_094,float64,0,0.0,3.927354813,0.7601200500160965,one scalar value per video
object_body_feature_095,float64,0,0.001420827,2.873617172,0.6692715601348089,one scalar value per video
object_body_feature_096,float64,0,0.013764748,4.110304832,0.8242106949778673,one scalar value per video
object_body_feature_097,float64,0,0.0,4.535918236,0.8107128432535212,one scalar value per video
object_body_feature_098,float64,0,0.007248989,3.136684895,0.6182592650482898,one scalar value per video
object_body_feature_099,float64,0,0.044720314,4.30256319,1.55781596205835,one scalar value per video
object_body_feature_100,float64,0,0.004476338,4.653224945,0.6760929346237425,one scalar value per video
object_body_feature_101,float64,0,0.001311429,3.144696474,0.45482359368611663,one scalar value per video
object_body_feature_102,float64,0,0.014773694,3.660861492,0.8591970259778673,one scalar value per video
object_body_feature_103,float64,0,0.002250866,2.783654213,0.72615593461167,one scalar value per video
object_body_feature_104,float64,0,0.000388817,3.442586422,0.9501425918873239,one scalar value per video
object_body_feature_105,float64,0,0.025737204,3.983282804,1.0588243687022132,one scalar value per video
object_body_feature_106,float64,0,0.0,4.695005894,0.5337516033722334,one scalar value per video
object_body_feature_107,float64,0,0.010974928,7.126363277,1.1021321492354126,one scalar value per video
object_body_feature_108,float64,0,0.003187314,2.990236521,0.6402962235412474,one scalar value per video
object_body_feature_109,float64,0,0.013165655,4.390052795,0.8634553900623742,one scalar value per video
object_body_feature_110,float64,0,0.0015036,2.600896597,0.5798281048309859,one scalar value per video
object_body_feature_111,float64,0,0.0,3.111391306,0.6431392527686117,one scalar value per video
object_body_feature_112,float64,0,0.006518955,4.195170403,0.7159288579577465,one scalar value per video
object_body_feature_113,float64,0,0.00726487,3.06539011,0.7058761883078472,one scalar value per video
object_body_feature_114,float64,0,0.010472469,3.873661757,0.8056533109818913,one scalar value per video
object_body_feature_115,float64,0,0.016204655,3.282926559,0.7426763398792757,one scalar value per video
object_body_feature_116,float64,0,0.00317636,2.770136833,0.5769893480100604,one scalar value per video
object_body_feature_117,float64,0,0.003103655,4.190239429,0.8211742306800804,one scalar value per video
object_body_feature_118,float64,0,2.15e-05,2.765889406,0.5890511625271629,one scalar value per video
object_body_feature_119,float64,0,0.001355669,3.927658319,0.8026852179315895,one scalar value per video
object_body_feature_120,float64,0,0.0,2.477517605,0.4773898129476861,one scalar value per video
object_body_feature_121,float64,0,0.00862685,3.296198606,0.9232919767283702,one scalar value per video
object_body_feature_122,float64,0,0.001027259,3.538678169,0.6568446162635814,one scalar value per video
object_body_feature_123,float64,0,0.009225426,4.354421616,0.8009012874346076,one scalar value per video
object_body_feature_124,float64,0,0.001510542,4.220389366,0.5985162221549296,one scalar value per video
object_body_feature_125,float64,0,0.0,2.479445457,0.5734639131730384,one scalar value per video
object_body_feature_126,float64,0,0.002595641,3.19499898,0.7359355765955734,one scalar value per video
object_body_feature_127,float64,0,0.001493828,4.283979893,1.1443963291287726,one scalar value per video
object_body_feature_128,float64,0,0.005071838,2.796795368,0.7329028931026157,one scalar value per video
scene_activity_feature_001,float64,0,0.029915849,3.034044266,0.9488214427686116,one scalar value per video
scene_activity_feature_002,float64,0,0.0,2.856513739,0.7377286171991952,one scalar value per video
scene_activity_feature_003,float64,0,0.037887495,5.393530846,1.1932039419698188,one scalar value per video
scene_activity_feature_004,float64,0,0.011854736,4.248735905,0.8028523129356137,one scalar value per video
scene_activity_feature_005,float64,0,0.0,4.901804924,0.8613645354386318,one scalar value per video
scene_activity_feature_006,float64,0,0.006851353,4.134917259,0.883881127750503,one scalar value per video
scene_activity_feature_007,float64,0,0.07502085,5.334424019,1.1105306707605633,one scalar value per video
scene_activity_feature_008,float64,0,0.002589931,3.150963545,0.5513404387746479,one scalar value per video
scene_activity_feature_009,float64,0,0.0,1.697934747,0.39291945761167,one scalar value per video
scene_activity_feature_010,float64,0,0.044071149,3.858136892,0.9080691983762574,one scalar value per video
scene_activity_feature_011,float64,0,0.004355844,2.248154163,0.5961628130684105,one scalar value per video
scene_activity_feature_012,float64,0,0.001851724,4.210229874,0.8767279306740443,one scalar value per video
scene_activity_feature_013,float64,0,0.0046901,8.732759476,1.313360570024145,one scalar value per video
scene_activity_feature_014,float64,0,0.00055798,3.183349609,0.7670324445211268,one scalar value per video
scene_activity_feature_015,float64,0,0.022116911,5.102246761,0.9916986895030181,one scalar value per video
scene_activity_feature_016,float64,0,5.57e-05,2.56755805,0.5007380270985916,one scalar value per video
scene_activity_feature_017,float64,0,0.00960266,5.001271725,0.967101218028169,one scalar value per video
scene_activity_feature_018,float64,0,0.005694402,5.557253361,1.0949105597967808,one scalar value per video
scene_activity_feature_019,float64,0,0.00987126,3.000571251,0.716129286748491,one scalar value per video
scene_activity_feature_020,float64,0,0.013030458,4.350776672,1.3232188426559355,one scalar value per video
scene_activity_feature_021,float64,0,0.022558756,4.35400486,1.0779004815452715,one scalar value per video
scene_activity_feature_022,float64,0,0.00441601,3.360372543,0.9406593267102615,one scalar value per video
scene_activity_feature_023,float64,0,0.008326723,3.22854948,0.7661546065050301,one scalar value per video
scene_activity_feature_024,float64,0,0.002833442,2.621853352,0.7500875007706238,one scalar value per video
scene_activity_feature_025,float64,0,0.002688146,3.445792437,0.6290470480261571,one scalar value per video
scene_activity_feature_026,float64,0,0.001921586,4.89814806,0.8433485063843058,one scalar value per video
scene_activity_feature_027,float64,0,0.022513505,4.058391571,1.0277038604527162,one scalar value per video
scene_activity_feature_028,float64,0,0.000169059,4.220985889,0.8064136711770623,one scalar value per video
scene_activity_feature_029,float64,0,0.009624155,4.553459167,0.7999935937323943,one scalar value per video
scene_activity_feature_030,float64,0,0.002569574,3.008507013,0.5283434438068411,one scalar value per video
scene_activity_feature_031,float64,0,0.008921253,2.806694508,0.7111292195593562,one scalar value per video
scene_activity_feature_032,float64,0,0.051260971,4.374063969,1.3420410723702214,one scalar value per video
scene_activity_feature_033,float64,0,0.034475401,2.761504173,0.763697868863179,one scalar value per video
scene_activity_feature_034,float64,0,0.003715756,3.940816641,0.7069375166016096,one scalar value per video
scene_activity_feature_035,float64,0,0.063036591,5.068415642,1.4661707726498994,one scalar value per video
scene_activity_feature_036,float64,0,0.007479994,3.389613152,0.7276075413319919,one scalar value per video
scene_activity_feature_037,float64,0,0.00150014,2.15942049,0.5550571918571429,one scalar value per video
scene_activity_feature_038,float64,0,0.02091709,4.478939056,1.2765700077042252,one scalar value per video
scene_activity_feature_039,float64,0,0.001439951,3.286871433,0.9455666911488934,one scalar value per video
scene_activity_feature_040,float64,0,0.013940496,5.258086205,1.1005911429315893,one scalar value per video
scene_activity_feature_041,float64,0,0.027076881,5.722928524,1.3502495986760563,one scalar value per video
scene_activity_feature_042,float64,0,0.0,5.87607193,0.658504727056338,one scalar value per video
scene_activity_feature_043,float64,0,0.0,4.145725727,0.9336048491589538,one scalar value per video
scene_activity_feature_044,float64,0,0.0,6.210419655,0.8577729443762576,one scalar value per video
scene_activity_feature_045,float64,0,0.0,3.04280591,0.465732579138833,one scalar value per video
scene_activity_feature_046,float64,0,0.001051896,2.36073637,0.4909257191851107,one scalar value per video
scene_activity_feature_047,float64,0,0.004035699,2.953191757,0.6609405175633803,one scalar value per video
scene_activity_feature_048,float64,0,0.000779506,5.319588661,0.9481804852293761,one scalar value per video
scene_activity_feature_049,float64,0,0.020385634,6.21298027,1.2296492855070422,one scalar value per video
scene_activity_feature_050,float64,0,0.0,4.498985291,0.861571104114688,one scalar value per video
scene_activity_feature_051,float64,0,0.000991671,3.327388287,0.5300343344587525,one scalar value per video
scene_activity_feature_052,float64,0,0.0,4.620563507,0.7831994634225351,one scalar value per video
scene_activity_feature_053,float64,0,0.002621928,6.60333395,0.8839355791931589,one scalar value per video
scene_activity_feature_054,float64,0,0.000141587,3.03592205,0.6846359639999999,one scalar value per video
scene_activity_feature_055,float64,0,0.007686744,3.308617592,0.5672944292313884,one scalar value per video
scene_activity_feature_056,float64,0,0.003207505,4.264331818,1.013979371279678,one scalar value per video
scene_activity_feature_057,float64,0,0.0,8.466628075,1.9193672414567406,one scalar value per video
scene_activity_feature_058,float64,0,0.008677929,4.174714565,0.6466499077102614,one scalar value per video
scene_activity_feature_059,float64,0,0.000829452,2.457311869,0.6034495093380281,one scalar value per video
scene_activity_feature_060,float64,0,0.000384096,3.447552443,0.9083099991509055,one scalar value per video
scene_activity_feature_061,float64,0,0.0,2.363301039,0.6044193221911468,one scalar value per video
scene_activity_feature_062,float64,0,0.021507222,4.179051399,1.1867337252434607,one scalar value per video
scene_activity_feature_063,float64,0,0.003321961,4.438589096,0.7614097938772636,one scalar value per video
scene_activity_feature_064,float64,0,0.000159198,4.122042179,0.7172801974225351,one scalar value per video
scene_activity_feature_065,float64,0,0.008149222,4.068590164,0.9228918834285715,one scalar value per video
scene_activity_feature_066,float64,0,0.002271021,2.921592236,0.7105272270603622,one scalar value per video
scene_activity_feature_067,float64,0,0.006161697,3.044524431,0.5421306259235413,one scalar value per video
scene_activity_feature_068,float64,0,0.0,2.09969306,0.42440769951509055,one scalar value per video
scene_activity_feature_069,float64,0,0.043987043,3.913077831,0.8710482997665996,one scalar value per video
scene_activity_feature_070,float64,0,0.009876858,3.949702501,0.9805790336096579,one scalar value per video
scene_activity_feature_071,float64,0,0.008303093,2.691208363,0.7239695100462776,one scalar value per video
scene_activity_feature_072,float64,0,0.008157318,3.83383584,0.7878197538390342,one scalar value per video
scene_activity_feature_073,float64,0,0.002513779,2.836965322,0.738811172722334,one scalar value per video
scene_activity_feature_074,float64,0,0.030030096,4.455121994,0.9571040222354126,one scalar value per video
scene_activity_feature_075,float64,0,0.013206745,8.054574013,1.3239579913501005,one scalar value per video
scene_activity_feature_076,float64,0,0.001699701,3.219734192,0.6282900996257546,one scalar value per video
scene_activity_feature_077,float64,0,0.0,3.373127699,0.6265955612173039,one scalar value per video
scene_activity_feature_078,float64,0,0.012217097,2.73190999,0.6077667392253522,one scalar value per video
scene_activity_feature_079,float64,0,0.019084428,4.671842575,0.8559780390221328,one scalar value per video
scene_activity_feature_080,float64,0,0.024339627,3.644440174,0.8000609011569416,one scalar value per video
scene_activity_feature_081,float64,0,0.033184487,3.507997036,0.7994314119698189,one scalar value per video
scene_activity_feature_082,float64,0,0.000536473,3.019611359,0.5432847481167002,one scalar value per video
scene_activity_feature_083,float64,0,0.010917067,3.609704256,0.7897276155633803,one scalar value per video
scene_activity_feature_084,float64,0,0.008734656,4.321870804,0.6076180459939639,one scalar value per video
scene_activity_feature_085,float64,0,0.016199518,4.081715584,0.8580479220020121,one scalar value per video
scene_activity_feature_086,float64,0,0.025635283,3.95505023,1.1504809905291749,one scalar value per video
scene_activity_feature_087,float64,0,0.0,3.332248211,0.4759649752454728,one scalar value per video
scene_activity_feature_088,float64,0,0.006044513,4.33774662,0.7274942490623743,one scalar value per video
scene_activity_feature_089,float64,0,0.000618816,3.866598845,0.8706811002474849,one scalar value per video
scene_activity_feature_090,float64,0,0.000891457,1.724672675,0.4338335832816902,one scalar value per video
scene_activity_feature_091,float64,0,0.004085632,2.570382833,0.7501677648370221,one scalar value per video
scene_activity_feature_092,float64,0,0.008163346,2.288954735,0.5141039308511066,one scalar value per video
scene_activity_feature_093,float64,0,0.000484949,3.189413786,0.5300653229979879,one scalar value per video
scene_activity_feature_094,float64,0,0.013141763,3.783107042,0.7973406269718311,one scalar value per video
scene_activity_feature_095,float64,0,0.0,2.841104269,0.6158384204346076,one scalar value per video
scene_activity_feature_096,float64,0,0.006091991,4.452501774,0.5833041137444668,one scalar value per video
scene_activity_feature_097,float64,0,0.0126927,4.084611893,0.8366491167726358,one scalar value per video
scene_activity_feature_098,float64,0,0.001680001,5.237355709,0.859066116136821,one scalar value per video
scene_activity_feature_099,float64,0,0.0,3.993702888,0.8513072488953721,one scalar value per video
scene_activity_feature_100,float64,0,0.000842296,4.898444176,0.5370108264084508,one scalar value per video
scene_activity_feature_101,float64,0,0.025028475,3.172016382,0.8945049466116701,one scalar value per video
scene_activity_feature_102,float64,0,0.023766918,3.06546402,0.8899510280382293,one scalar value per video
scene_activity_feature_103,float64,0,0.006263404,2.633589506,0.5691150170422535,one scalar value per video
scene_activity_feature_104,float64,0,3.06e-05,3.233547926,0.5969768021368209,one scalar value per video
scene_activity_feature_105,float64,0,0.0,4.62573576,0.7317605207927567,one scalar value per video
scene_activity_feature_106,float64,0,0.001966447,3.749048948,0.7414147668189136,one scalar value per video
scene_activity_feature_107,float64,0,0.01302455,3.689749241,1.1150768909396378,one scalar value per video
scene_activity_feature_108,float64,0,0.023930253,3.742978096,0.9533239324527163,one scalar value per video
scene_activity_feature_109,float64,0,7.65e-05,4.040192127,0.7761901572635815,one scalar value per video
scene_activity_feature_110,float64,0,0.0,3.485388279,0.672087478277666,one scalar value per video
scene_activity_feature_111,float64,0,0.014839153,4.087207794,0.6668808373259557,one scalar value per video
scene_activity_feature_112,float64,0,0.018765131,3.870628834,0.9878768552394366,one scalar value per video
scene_activity_feature_113,float64,0,0.051841855,3.808546305,0.8767905122313885,one scalar value per video
scene_activity_feature_114,float64,0,5.39e-05,2.153478384,0.5268047092414488,one scalar value per video
scene_activity_feature_115,float64,0,0.018874161,4.222151279,0.7234768154205231,one scalar value per video
scene_activity_feature_116,float64,0,0.061280102,4.349576473,1.0593164273400404,one scalar value per video
scene_activity_feature_117,float64,0,0.029105445,3.083446026,0.737727628583501,one scalar value per video
scene_activity_feature_118,float64,0,0.006021175,5.739813805,1.3263251492454726,one scalar value per video
scene_activity_feature_119,float64,0,0.026734076,3.502133131,1.0741640676217303,one scalar value per video
scene_activity_feature_120,float64,0,0.0,5.19778347,1.089075764478873,one scalar value per video
scene_activity_feature_121,float64,0,0.000262994,4.037949562,0.8254637099215293,one scalar value per video
scene_activity_feature_122,float64,0,0.00283148,4.648556709,0.9413827091549296,one scalar value per video
scene_activity_feature_123,float64,0,0.025924692,4.18030405,0.7802223838209256,one scalar value per video
scene_activity_feature_124,float64,0,0.012259937,5.101251602,1.130484719303823,one scalar value per video
scene_activity_feature_125,float64,0,0.023271792,4.044587135,0.7219002378591549,one scalar value per video
scene_activity_feature_126,float64,0,0.0,5.184031963,0.8863415245492958,one scalar value per video
scene_activity_feature_127,float64,0,0.014836577,4.74305439,0.9966928820885311,one scalar value per video
scene_activity_feature_128,float64,0,0.013115535,3.282953978,0.829089847277666,one scalar value per video
safety_context_feature_001,float64,0,0.0,4.24659729,1.1258713324708252,one scalar value per video
safety_context_feature_002,float64,0,0.011122393,4.600896358,1.0041776886619718,one scalar value per video
safety_context_feature_003,float64,0,0.017339924,4.595002174,1.2222128271529173,one scalar value per video
safety_context_feature_004,float64,0,0.000169557,4.629611969,0.7798105779114688,one scalar value per video
safety_context_feature_005,float64,0,0.001365056,4.948989391,0.9014001539436619,one scalar value per video
safety_context_feature_006,float64,0,0.053283494,5.474028111,1.0154951764808853,one scalar value per video
safety_context_feature_007,float64,0,0.006813427,4.496748924,0.8168149539496983,one scalar value per video
safety_context_feature_008,float64,0,0.002644588,5.399358749,0.868167430832998,one scalar value per video
safety_context_feature_009,float64,0,0.009648714,5.230432034,0.6540424729939638,one scalar value per video
safety_context_feature_010,float64,0,0.002704905,2.874744892,0.4750974974969819,one scalar value per video
safety_context_feature_011,float64,0,0.011147337,5.408773899,1.2442048684909457,one scalar value per video
safety_context_feature_012,float64,0,0.002753098,3.804003477,0.9708593240261569,one scalar value per video
safety_context_feature_013,float64,0,0.019787883,3.258765459,0.524587235579477,one scalar value per video
safety_context_feature_014,float64,0,0.000226327,3.741415739,0.9758894551629779,one scalar value per video
safety_context_feature_015,float64,0,0.001355335,5.395121574,0.9910075451267605,one scalar value per video
safety_context_feature_016,float64,0,0.000139591,2.898454666,0.749866148863179,one scalar value per video
safety_context_feature_017,float64,0,0.027622331,6.150669098,0.922959051024145,one scalar value per video
safety_context_feature_018,float64,0,0.017239757,4.959097385,1.3034046438450704,one scalar value per video
safety_context_feature_019,float64,0,0.0,3.150875568,0.6310041559617706,one scalar value per video
safety_context_feature_020,float64,0,0.004071977,3.912787437,0.989874536587525,one scalar value per video
safety_context_feature_021,float64,0,5.4e-05,5.021617889,1.0160695178390342,one scalar value per video
safety_context_feature_022,float64,0,0.0,2.434788465,0.5179045727183098,one scalar value per video
safety_context_feature_023,float64,0,0.003035575,3.456018925,1.099177623060362,one scalar value per video
safety_context_feature_024,float64,0,0.012891664,3.90473938,0.9777759689295774,one scalar value per video
safety_context_feature_025,float64,0,0.001111423,3.731004953,0.6248008526418511,one scalar value per video
safety_context_feature_026,float64,0,0.00774069,4.687932968,1.5383548116177062,one scalar value per video
safety_context_feature_027,float64,0,0.00077993,2.0923388,0.5535387732756539,one scalar value per video
safety_context_feature_028,float64,0,0.008306834,2.757637739,0.7872066179416499,one scalar value per video
safety_context_feature_029,float64,0,0.00251613,5.107205391,1.0798295300965797,one scalar value per video
safety_context_feature_030,float64,0,0.009733381,2.94033885,0.621614786251509,one scalar value per video
safety_context_feature_031,float64,0,0.002943443,3.240488768,0.5997735278551307,one scalar value per video
safety_context_feature_032,float64,0,0.013200234,3.85402298,0.7238403314828974,one scalar value per video
safety_context_feature_033,float64,0,0.013575295,4.463264942,0.7395389283319919,one scalar value per video
safety_context_feature_034,float64,0,0.000249795,2.507170439,0.5748258438028168,one scalar value per video
safety_context_feature_035,float64,0,0.0,2.349214554,0.5495059038853118,one scalar value per video
safety_context_feature_036,float64,0,0.0,3.657123089,0.4880537239657948,one scalar value per video
safety_context_feature_037,float64,0,0.001045098,2.200600147,0.5101166077444668,one scalar value per video
safety_context_feature_038,float64,0,0.013387093,3.719767809,0.770097322498994,one scalar value per video
safety_context_feature_039,float64,0,0.039570529,4.604511738,1.2791324827605635,one scalar value per video
safety_context_feature_040,float64,0,0.000586695,5.045841217,1.00200775689336,one scalar value per video
safety_context_feature_041,float64,0,0.016853064,3.646660566,1.0405182797585513,one scalar value per video
safety_context_feature_042,float64,0,0.006306116,4.249716282,0.9448417097384306,one scalar value per video
safety_context_feature_043,float64,0,0.003465123,3.653963804,1.0232311796579476,one scalar value per video
safety_context_feature_044,float64,0,0.002400983,5.369692326,1.3010538233480886,one scalar value per video
safety_context_feature_045,float64,0,0.050331838,4.013169289,0.9046285533239437,one scalar value per video
safety_context_feature_046,float64,0,0.003874454,3.930957317,0.7242250816820925,one scalar value per video
safety_context_feature_047,float64,0,0.011140558,4.216019154,1.150452475750503,one scalar value per video
safety_context_feature_048,float64,0,0.016207984,4.404808521,0.8263685935392354,one scalar value per video
safety_context_feature_049,float64,0,0.002325226,2.389899015,0.5812247522615694,one scalar value per video
safety_context_feature_050,float64,0,0.0,4.714259148,0.9653266894768612,one scalar value per video
safety_context_feature_051,float64,0,0.007107599,3.192298174,0.8882458721066397,one scalar value per video
safety_context_feature_052,float64,0,0.005468001,7.324577808,1.7161210144627765,one scalar value per video
safety_context_feature_053,float64,0,0.078711994,3.390325546,1.1726689860503017,one scalar value per video
safety_context_feature_054,float64,0,0.005651912,4.126385689,0.9527921309678069,one scalar value per video
safety_context_feature_055,float64,0,0.038948625,5.994176388,0.9013847622354125,one scalar value per video
safety_context_feature_056,float64,0,0.006124496,5.86623764,1.1983332512072433,one scalar value per video
safety_context_feature_057,float64,0,0.011375388,3.085026264,0.7209368745875252,one scalar value per video
safety_context_feature_058,float64,0,0.0,2.960932493,0.7602896957122737,one scalar value per video
safety_context_feature_059,float64,0,0.005216035,4.288112164,0.852065279692153,one scalar value per video
safety_context_feature_060,float64,0,0.012852489,5.634569645,1.0620516583098591,one scalar value per video
safety_context_feature_061,float64,0,0.0,4.244084358,0.7011456636881288,one scalar value per video
safety_context_feature_062,float64,0,0.0,3.958343029,1.066878690778672,one scalar value per video
safety_context_feature_063,float64,0,0.004261996,6.171616554,1.8429295901951712,one scalar value per video
safety_context_feature_064,float64,0,0.014975722,6.610596657,0.6969604049657948,one scalar value per video
safety_context_feature_065,float64,0,0.000830214,6.597982883,0.9112726076317909,one scalar value per video
safety_context_feature_066,float64,0,0.014397877,5.612327576,1.158396087867203,one scalar value per video
safety_context_feature_067,float64,0,0.001730831,4.922440052,0.7837013778008048,one scalar value per video
safety_context_feature_068,float64,0,0.003051418,5.297241688,0.4746893460382294,one scalar value per video
safety_context_feature_069,float64,0,0.003816723,4.876373291,1.3932503544084507,one scalar value per video
safety_context_feature_070,float64,0,0.007185273,3.387716532,0.8315601351247485,one scalar value per video
safety_context_feature_071,float64,0,0.006216745,3.296830654,0.9766769823078472,one scalar value per video
safety_context_feature_072,float64,0,0.024151227,4.065231323,1.0876954662092557,one scalar value per video
safety_context_feature_073,float64,0,0.003584855,4.195140362,0.9444462136378269,one scalar value per video
safety_context_feature_074,float64,0,0.019186737,3.923463106,1.081774818700201,one scalar value per video
safety_context_feature_075,float64,0,0.002243114,3.218245983,0.6686735049597586,one scalar value per video
safety_context_feature_076,float64,0,0.0,3.998119593,0.5865493285412475,one scalar value per video
safety_context_feature_077,float64,0,0.000977599,3.653401136,0.7737615875774648,one scalar value per video
safety_context_feature_078,float64,0,3.45e-05,4.266344547,0.7834741947887325,one scalar value per video
safety_context_feature_079,float64,0,0.029360598,3.482260227,1.1270965575452718,one scalar value per video
safety_context_feature_080,float64,0,0.010535997,2.489003658,0.8083279767424548,one scalar value per video
safety_context_feature_081,float64,0,0.003729492,5.015077114,0.6430630391066399,one scalar value per video
safety_context_feature_082,float64,0,0.019932618,5.179197311,1.315945567303823,one scalar value per video
safety_context_feature_083,float64,0,0.0,3.434281111,0.4846863757243461,one scalar value per video
safety_context_feature_084,float64,0,0.000420525,2.23232913,0.42709448551106644,one scalar value per video
safety_context_feature_085,float64,0,0.003890965,3.079672575,0.8397718377746479,one scalar value per video
safety_context_feature_086,float64,0,0.003472966,3.40761447,0.7006473279134808,one scalar value per video
safety_context_feature_087,float64,0,0.005183589,4.108111858,1.2150879753822939,one scalar value per video
safety_context_feature_088,float64,0,0.000239761,3.454606533,0.8108484441046279,one scalar value per video
safety_context_feature_089,float64,0,0.005816733,2.909793377,0.9677454079034205,one scalar value per video
safety_context_feature_090,float64,0,0.019825401,2.860374212,0.6876104756740442,one scalar value per video
safety_context_feature_091,float64,0,0.005980267,5.316899776,1.091246871863179,one scalar value per video
safety_context_feature_092,float64,0,0.001522578,2.393365145,0.588866579219316,one scalar value per video
safety_context_feature_093,float64,0,0.003160539,3.304807901,0.6367480032454728,one scalar value per video
safety_context_feature_094,float64,0,0.004147041,2.52807188,0.5719341075975855,one scalar value per video
safety_context_feature_095,float64,0,0.002814175,3.831408262,0.8724747003843059,one scalar value per video
safety_context_feature_096,float64,0,0.020973703,5.982120991,1.8047516742052316,one scalar value per video
safety_context_feature_097,float64,0,0.016626976,9.677897453,1.550800395750503,one scalar value per video
safety_context_feature_098,float64,0,0.025211368,6.488829136,1.2472915156217304,one scalar value per video
safety_context_feature_099,float64,0,0.033314385,5.072554588,0.9684380035573441,one scalar value per video
safety_context_feature_100,float64,0,0.01451409,3.199425459,0.9337747351026158,one scalar value per video
safety_context_feature_101,float64,0,0.0,3.619225979,0.8434958253239437,one scalar value per video
safety_context_feature_102,float64,0,0.007666808,4.46203661,1.1683575247364184,one scalar value per video
safety_context_feature_103,float64,0,0.020663768,3.647795916,1.0956530388108654,one scalar value per video
safety_context_feature_104,float64,0,0.007723683,2.820718765,0.8857706480362174,one scalar value per video
safety_context_feature_105,float64,0,0.00994001,3.995995045,0.9235170774768611,one scalar value per video
safety_context_feature_106,float64,0,0.000306709,3.657215118,0.8657877382857143,one scalar value per video
safety_context_feature_107,float64,0,0.005011377,4.828434944,0.6216644881287726,one scalar value per video
safety_context_feature_108,float64,0,0.000301582,6.703262329,1.0368825345674044,one scalar value per video
safety_context_feature_109,float64,0,0.003273073,3.591746092,0.7231869853078471,one scalar value per video
safety_context_feature_110,float64,0,0.000635737,3.889159203,0.6893014429275655,one scalar value per video
safety_context_feature_111,float64,0,0.0,3.32084322,0.7825953164346076,one scalar value per video
safety_context_feature_112,float64,0,0.0,2.753467321,0.686050250305835,one scalar value per video
safety_context_feature_113,float64,0,0.020150524,5.333582878,0.8371159051589537,one scalar value per video
safety_context_feature_114,float64,0,0.001195955,3.115862846,0.6294710511911469,one scalar value per video
safety_context_feature_115,float64,0,0.001719308,3.523150682,0.8077685420362174,one scalar value per video
safety_context_feature_116,float64,0,0.002338521,2.821893215,0.6839017117042253,one scalar value per video
safety_context_feature_117,float64,0,0.000561418,3.528766155,0.8501661939094567,one scalar value per video
safety_context_feature_118,float64,0,0.012037733,6.643868923,1.2413643680985917,one scalar value per video
safety_context_feature_119,float64,0,0.002379131,3.577106714,0.4874217319758551,one scalar value per video
safety_context_feature_120,float64,0,0.066528261,8.915657997,1.0977768039919515,one scalar value per video
safety_context_feature_121,float64,0,0.0037113,2.75093317,0.777260575889336,one scalar value per video
safety_context_feature_122,float64,0,0.007293649,3.626761675,0.455520085637827,one scalar value per video
safety_context_feature_123,float64,0,0.0,4.78802824,0.693409230585513,one scalar value per video
safety_context_feature_124,float64,0,0.000687404,4.548396111,1.284784342969819,one scalar value per video
safety_context_feature_125,float64,0,0.028467974,4.082085133,0.9772556548289738,one scalar value per video
safety_context_feature_126,float64,0,0.010678823,4.04912138,1.3083041308209256,one scalar value per video
safety_context_feature_127,float64,0,0.0,5.811893463,0.7415078293822938,one scalar value per video
safety_context_feature_128,float64,0,0.026827415,3.08665967,0.7010513113158953,one scalar value per video
